Workbook
Name Slicer_Month: #N/A
Name Slicer_Week: #N/A
Name Slicer_Year: #N/A

Sheet Social_Media_Platform_Analysis
H2: Social Media Platform Analysis
X4: Visualize the engagement by ad spent across platform | AM4: Advise whether to focus on 1-2 core platforms or multiplatforms
I5: Comparing the growth rate of followers per Platform( Growth rate = (New followers - Unfollowers)/previous week followers) | W5: Platform | X5: Date | Y5: Engagement(Likes+Shares+Comments) | Z5: Month | AA5: Week | AB5: Year | AC5: ad spent | AM5: Average of Engagement(Likes+Shares+Comments) | AN5: Year
D6: Highest Engagement Platform | W6: Facebook | X6: 45444 | Y6: =SUM([1]!Posts[[#This Row],[Likes]],[1]!Posts[[#This Row],[Shares]],[1]!Posts[[#This Row],[Comments]]) -> 2949 | Z6: =MONTH(X6) -> 6 | AA6: =INT((DAY(X6)-1)/7)+1 -> 1 | AB6: =YEAR(X6) -> 2024 | AC6: {=_xlfn.XLOOKUP(1, ('[1]Engagement Summary(Task1)'!$J$2:$J$201=Social_Media_Platform_Analysis!$AA6)*('[1]Engagement Summary(Task1)'!$I$2:$I$201=Social_Media_Platform_Analysis!$Z6)*('[1]Engagement Summary(Task1)'!$H$2:$H$201=Social_Media_Platform_Analysis!$AB6)*('[1]Engagement Summary(Task1)'!$B$2:$B$201=Social_Media_Platform_Analysis!$W6),'[1]Engagement Summary(Task1)'!$G$2:$G$201)} -> 9566 | AM6: Platform | AN6: 2024 | AO6: 2025 | AP6: Grand Total
B7: {=_xlfn.TAKE('[1]Engagement Summary(Task1)'!B:B,201,1)} -> Platform | C7: {=_xlfn.TAKE('[1]Engagement Summary(Task1)'!F1:F201,201,1)} -> Engagement_Rate | D7: Platform | E7: Average of Engagement_Rate | G7: {=_xlfn.TAKE('[1]Engagement Summary(Task1)'!B1:B201,201,1)} -> Platform | H7: {=_xlfn.TAKE('[1]Engagement Summary(Task1)'!E:E,201,1)} -> Total_Followers | I7: {=_xlfn.TAKE('[1]Engagement Summary(Task1)'!H:H,201,1)} -> Year | J7: {=_xlfn.TAKE('[1]Engagement Summary(Task1)'!I:I,201,1)} -> Month | K7: {=_xlfn.TAKE('[1]Engagement Summary(Task1)'!J:J,201,1)} -> Week | L7: {=_xlfn.TAKE('[1]Engagement Summary(Task1)'!K:K,201,1)} -> Netgrowth | M7: {=_xlfn.TAKE('[1]Engagement Summary(Task1)'!L:L,201,1)} -> Growth Rate | N7: Row Labels | O7: Average of Growth Rate | W7: Facebook | X7: 45445 | Y7: =SUM([1]!Posts[[#This Row],[Likes]],[1]!Posts[[#This Row],[Shares]],[1]!Posts[[#This Row],[Comments]]) -> 2905 | Z7: =MONTH(X7) -> 6 | AA7: =INT((DAY(X7)-1)/7)+1 -> 1 | AB7: =YEAR(X7) -> 2024 | AC7: {=_xlfn.XLOOKUP(1, ('[1]Engagement Summary(Task1)'!$J$2:$J$201=Social_Media_Platform_Analysis!$AA7)*('[1]Engagement Summary(Task1)'!$I$2:$I$201=Social_Media_Platform_Analysis!$Z7)*('[1]Engagement Summary(Task1)'!$H$2:$H$201=Social_Media_Platform_Analysis!$AB7)*('[1]Engagement Summary(Task1)'!$B$2:$B$201=Social_Media_Platform_Analysis!$W7),'[1]Engagement Summary(Task1)'!$G$2:$G$201)} -> 9566 | AM7: Facebook | AN7: 3327.2373 | AO7: 2487.4118 | AP7: 3020.2043
B8: Facebook | C8: 0.0498 | D8: Facebook | E8: 0.056486 | G8: Facebook | H8: 42654 | I8: 2024 | J8: 6 | K8: 1 | L8: 1002 | M8: 1 | N8: Facebook | O8: 1.0858217 | W8: Facebook | X8: 45454 | Y8: =SUM([1]!Posts[[#This Row],[Likes]],[1]!Posts[[#This Row],[Shares]],[1]!Posts[[#This Row],[Comments]]) -> 4668 | Z8: =MONTH(X8) -> 6 | AA8: =INT((DAY(X8)-1)/7)+1 -> 2 | AB8: =YEAR(X8) -> 2024 | AC8: {=_xlfn.XLOOKUP(1, ('[1]Engagement Summary(Task1)'!$J$2:$J$201=Social_Media_Platform_Analysis!$AA8)*('[1]Engagement Summary(Task1)'!$I$2:$I$201=Social_Media_Platform_Analysis!$Z8)*('[1]Engagement Summary(Task1)'!$H$2:$H$201=Social_Media_Platform_Analysis!$AB8)*('[1]Engagement Summary(Task1)'!$B$2:$B$201=Social_Media_Platform_Analysis!$W8),'[1]Engagement Summary(Task1)'!$G$2:$G$201)} -> 7924 | AE8: Platform | AF8: Average of Engagement | AG8: Average of ad spent | AM8: Instagram | AN8: 3659.1525 | AO8: 3756.5172 | AP8: 3691.2386
B9: Facebook | C9: 0.0237 | D9: Instagram | E9: 0.057156 | G9: Facebook | H9: 316555 | I9: 2024 | J9: 6 | K9: 2 | L9: 1283 | M9: 1.2804391 | N9: 2024 | O9: 1.1414989 | W9: Facebook | X9: 45454 | Y9: =SUM([1]!Posts[[#This Row],[Likes]],[1]!Posts[[#This Row],[Shares]],[1]!Posts[[#This Row],[Comments]]) -> 4668 | Z9: =MONTH(X9) -> 6 | AA9: =INT((DAY(X9)-1)/7)+1 -> 2 | AB9: =YEAR(X9) -> 2024 | AC9: {=_xlfn.XLOOKUP(1, ('[1]Engagement Summary(Task1)'!$J$2:$J$201=Social_Media_Platform_Analysis!$AA9)*('[1]Engagement Summary(Task1)'!$I$2:$I$201=Social_Media_Platform_Analysis!$Z9)*('[1]Engagement Summary(Task1)'!$H$2:$H$201=Social_Media_Platform_Analysis!$AB9)*('[1]Engagement Summary(Task1)'!$B$2:$B$201=Social_Media_Platform_Analysis!$W9),'[1]Engagement Summary(Task1)'!$G$2:$G$201)} -> 7924 | AE9: Facebook | AF9: 3020.2043 | AG9: 27501.667 | AM9: Twitter | AN9: 3472.2222 | AO9: 3310.8158 | AP9: 3405.5543
B10: Facebook | C10: 0.0811 | D10: Twitter | E10: 0.056558 | G10: Facebook | H10: 169496 | I10: 2024 | J10: 6 | K10: 3 | L10: 1382 | M10: 1.0771629 | N10: 2025 | O10: 0.97446717 | W10: Facebook | X10: 45456 | Y10: =SUM([1]!Posts[[#This Row],[Likes]],[1]!Posts[[#This Row],[Shares]],[1]!Posts[[#This Row],[Comments]]) -> 4230 | Z10: =MONTH(X10) -> 6 | AA10: =INT((DAY(X10)-1)/7)+1 -> 2 | AB10: =YEAR(X10) -> 2024 | AC10: {=_xlfn.XLOOKUP(1, ('[1]Engagement Summary(Task1)'!$J$2:$J$201=Social_Media_Platform_Analysis!$AA10)*('[1]Engagement Summary(Task1)'!$I$2:$I$201=Social_Media_Platform_Analysis!$Z10)*('[1]Engagement Summary(Task1)'!$H$2:$H$201=Social_Media_Platform_Analysis!$AB10)*('[1]Engagement Summary(Task1)'!$B$2:$B$201=Social_Media_Platform_Analysis!$W10),'[1]Engagement Summary(Task1)'!$G$2:$G$201)} -> 7924 | AE10: 2024 | AF10: 3327.2373 | AG10: 24532.576 | AM10: YouTube | AN10: 3931.1463 | AO10: 3526.16 | AP10: 3777.7424
B11: Facebook | C11: 0.0912 | D11: YouTube | E11: 0.055588 | G11: Facebook | H11: 26295 | I11: 2024 | J11: 6 | K11: 4 | L11: 1670 | M11: 1.2083936 | N11: Instagram | O11: 1.0046728 | W11: Facebook | X11: 45460 | Y11: =SUM([1]!Posts[[#This Row],[Likes]],[1]!Posts[[#This Row],[Shares]],[1]!Posts[[#This Row],[Comments]]) -> 4340 | Z11: =MONTH(X11) -> 6 | AA11: =INT((DAY(X11)-1)/7)+1 -> 3 | AB11: =YEAR(X11) -> 2024 | AC11: {=_xlfn.XLOOKUP(1, ('[1]Engagement Summary(Task1)'!$J$2:$J$201=Social_Media_Platform_Analysis!$AA11)*('[1]Engagement Summary(Task1)'!$I$2:$I$201=Social_Media_Platform_Analysis!$Z11)*('[1]Engagement Summary(Task1)'!$H$2:$H$201=Social_Media_Platform_Analysis!$AB11)*('[1]Engagement Summary(Task1)'!$B$2:$B$201=Social_Media_Platform_Analysis!$W11),'[1]Engagement Summary(Task1)'!$G$2:$G$201)} -> 46670 | AE11: 2025 | AF11: 2487.4118 | AG11: 32653.912 | AM11: Grand Total | AN11: 3572.1784 | AO11: 3233.9365 | AP11: 3446.4602
B12: Facebook | C12: 0.0448 | D12: Grand Total | E12: 0.056447 | G12: Facebook | H12: 220020 | I12: 2024 | J12: 7 | K12: 1 | L12: 64 | M12: 0.038323353 | N12: 2024 | O12: 0.98135795 | W12: Facebook | X12: 45462 | Y12: =SUM([1]!Posts[[#This Row],[Likes]],[1]!Posts[[#This Row],[Shares]],[1]!Posts[[#This Row],[Comments]]) -> 4469 | Z12: =MONTH(X12) -> 6 | AA12: =INT((DAY(X12)-1)/7)+1 -> 3 | AB12: =YEAR(X12) -> 2024 | AC12: {=_xlfn.XLOOKUP(1, ('[1]Engagement Summary(Task1)'!$J$2:$J$201=Social_Media_Platform_Analysis!$AA12)*('[1]Engagement Summary(Task1)'!$I$2:$I$201=Social_Media_Platform_Analysis!$Z12)*('[1]Engagement Summary(Task1)'!$H$2:$H$201=Social_Media_Platform_Analysis!$AB12)*('[1]Engagement Summary(Task1)'!$B$2:$B$201=Social_Media_Platform_Analysis!$W12),'[1]Engagement Summary(Task1)'!$G$2:$G$201)} -> 46670 | AE12: Instagram | AF12: 3691.2386 | AG12: 25164.932
B13: Facebook | C13: 0.0191 | G13: Facebook | H13: 251694 | I13: 2024 | J13: 7 | K13: 2 | L13: 309 | M13: 4.828125 | N13: 2025 | O13: 1.0513025 | W13: Facebook | X13: 45463 | Y13: =SUM([1]!Posts[[#This Row],[Likes]],[1]!Posts[[#This Row],[Shares]],[1]!Posts[[#This Row],[Comments]]) -> 4996 | Z13: =MONTH(X13) -> 6 | AA13: =INT((DAY(X13)-1)/7)+1 -> 3 | AB13: =YEAR(X13) -> 2024 | AC13: {=_xlfn.XLOOKUP(1, ('[1]Engagement Summary(Task1)'!$J$2:$J$201=Social_Media_Platform_Analysis!$AA13)*('[1]Engagement Summary(Task1)'!$I$2:$I$201=Social_Media_Platform_Analysis!$Z13)*('[1]Engagement Summary(Task1)'!$H$2:$H$201=Social_Media_Platform_Analysis!$AB13)*('[1]Engagement Summary(Task1)'!$B$2:$B$201=Social_Media_Platform_Analysis!$W13),'[1]Engagement Summary(Task1)'!$G$2:$G$201)} -> 46670 | AE13: 2024 | AF13: 3659.1525 | AG13: 25947.034 | AM13: Engagement year wise
B14: Facebook | C14: 0.0644 | G14: Facebook | H14: 334626 | I14: 2024 | J14: 7 | K14: 3 | L14: -164 | M14: -0.53074434 | N14: Twitter | O14: 1.8043865 | W14: Facebook | X14: 45465 | Y14: =SUM([1]!Posts[[#This Row],[Likes]],[1]!Posts[[#This Row],[Shares]],[1]!Posts[[#This Row],[Comments]]) -> 5190 | Z14: =MONTH(X14) -> 6 | AA14: =INT((DAY(X14)-1)/7)+1 -> 4 | AB14: =YEAR(X14) -> 2024 | AC14: {=_xlfn.XLOOKUP(1, ('[1]Engagement Summary(Task1)'!$J$2:$J$201=Social_Media_Platform_Analysis!$AA14)*('[1]Engagement Summary(Task1)'!$I$2:$I$201=Social_Media_Platform_Analysis!$Z14)*('[1]Engagement Summary(Task1)'!$H$2:$H$201=Social_Media_Platform_Analysis!$AB14)*('[1]Engagement Summary(Task1)'!$B$2:$B$201=Social_Media_Platform_Analysis!$W14),'[1]Engagement Summary(Task1)'!$G$2:$G$201)} -> 30635 | AE14: 2025 | AF14: 3756.5172 | AG14: 23573.759
B15: Facebook | C15: 0.0786 | G15: Facebook | H15: 295032 | I15: 2024 | J15: 7 | K15: 4 | L15: 961 | M15: -5.8597561 | N15: 2024 | O15: 2.2638365 | W15: Facebook | X15: 45465 | Y15: =SUM([1]!Posts[[#This Row],[Likes]],[1]!Posts[[#This Row],[Shares]],[1]!Posts[[#This Row],[Comments]]) -> 2903 | Z15: =MONTH(X15) -> 6 | AA15: =INT((DAY(X15)-1)/7)+1 -> 4 | AB15: =YEAR(X15) -> 2024 | AC15: {=_xlfn.XLOOKUP(1, ('[1]Engagement Summary(Task1)'!$J$2:$J$201=Social_Media_Platform_Analysis!$AA15)*('[1]Engagement Summary(Task1)'!$I$2:$I$201=Social_Media_Platform_Analysis!$Z15)*('[1]Engagement Summary(Task1)'!$H$2:$H$201=Social_Media_Platform_Analysis!$AB15)*('[1]Engagement Summary(Task1)'!$B$2:$B$201=Social_Media_Platform_Analysis!$W15),'[1]Engagement Summary(Task1)'!$G$2:$G$201)} -> 30635 | AE15: Twitter | AF15: 3405.5543 | AG15: 20814.761
B16: Facebook | C16: 0.0773 | G16: Facebook | H16: 435034 | I16: 2024 | J16: 7 | K16: 5 | L16: -318 | M16: -0.33090531 | N16: 2025 | O16: 0.88548635 | W16: Facebook | X16: 45480 | Y16: =SUM([1]!Posts[[#This Row],[Likes]],[1]!Posts[[#This Row],[Shares]],[1]!Posts[[#This Row],[Comments]]) -> 3009 | Z16: =MONTH(X16) -> 7 | AA16: =INT((DAY(X16)-1)/7)+1 -> 1 | AB16: =YEAR(X16) -> 2024 | AC16: {=_xlfn.XLOOKUP(1, ('[1]Engagement Summary(Task1)'!$J$2:$J$201=Social_Media_Platform_Analysis!$AA16)*('[1]Engagement Summary(Task1)'!$I$2:$I$201=Social_Media_Platform_Analysis!$Z16)*('[1]Engagement Summary(Task1)'!$H$2:$H$201=Social_Media_Platform_Analysis!$AB16)*('[1]Engagement Summary(Task1)'!$B$2:$B$201=Social_Media_Platform_Analysis!$W16),'[1]Engagement Summary(Task1)'!$G$2:$G$201)} -> 42307 | AE16: 2024 | AF16: 3472.2222 | AG16: 21786.87
B17: Facebook | C17: 0.0611 | G17: Facebook | H17: 125034 | I17: 2024 | J17: 8 | K17: 1 | L17: -197 | M17: 0.61949686 | N17: YouTube | O17: 0.47538121 | W17: Facebook | X17: 45480 | Y17: =SUM([1]!Posts[[#This Row],[Likes]],[1]!Posts[[#This Row],[Shares]],[1]!Posts[[#This Row],[Comments]]) -> 1688 | Z17: =MONTH(X17) -> 7 | AA17: =INT((DAY(X17)-1)/7)+1 -> 1 | AB17: =YEAR(X17) -> 2024 | AC17: {=_xlfn.XLOOKUP(1, ('[1]Engagement Summary(Task1)'!$J$2:$J$201=Social_Media_Platform_Analysis!$AA17)*('[1]Engagement Summary(Task1)'!$I$2:$I$201=Social_Media_Platform_Analysis!$Z17)*('[1]Engagement Summary(Task1)'!$H$2:$H$201=Social_Media_Platform_Analysis!$AB17)*('[1]Engagement Summary(Task1)'!$B$2:$B$201=Social_Media_Platform_Analysis!$W17),'[1]Engagement Summary(Task1)'!$G$2:$G$201)} -> 42307 | AE17: 2025 | AF17: 3310.8158 | AG17: 19433.342
B18: Facebook | C18: 0.0601 | D18: Formulas Used | G18: Facebook | H18: 307612 | I18: 2024 | J18: 8 | K18: 2 | L18: 1334 | M18: -6.7715736 | N18: 2024 | O18: 0.47149391 | W18: Facebook | X18: 45488 | Y18: =SUM([1]!Posts[[#This Row],[Likes]],[1]!Posts[[#This Row],[Shares]],[1]!Posts[[#This Row],[Comments]]) -> 4928 | Z18: =MONTH(X18) -> 7 | AA18: =INT((DAY(X18)-1)/7)+1 -> 3 | AB18: =YEAR(X18) -> 2024 | AC18: {=_xlfn.XLOOKUP(1, ('[1]Engagement Summary(Task1)'!$J$2:$J$201=Social_Media_Platform_Analysis!$AA18)*('[1]Engagement Summary(Task1)'!$I$2:$I$201=Social_Media_Platform_Analysis!$Z18)*('[1]Engagement Summary(Task1)'!$H$2:$H$201=Social_Media_Platform_Analysis!$AB18)*('[1]Engagement Summary(Task1)'!$B$2:$B$201=Social_Media_Platform_Analysis!$W18),'[1]Engagement Summary(Task1)'!$G$2:$G$201)} -> 43420 | AE18: YouTube | AF18: 3777.7424 | AG18: 28013.045
B19: Facebook | C19: 0.0884 | D19: To calculate net growth | E19: New followers - Unfollowers | G19: Facebook | H19: 183924 | I19: 2024 | J19: 8 | K19: 3 | L19: 1058 | M19: 0.79310345 | N19: 2025 | O19: 0.48315582 | W19: Facebook | X19: 45488 | Y19: =SUM([1]!Posts[[#This Row],[Likes]],[1]!Posts[[#This Row],[Shares]],[1]!Posts[[#This Row],[Comments]]) -> 4620 | Z19: =MONTH(X19) -> 7 | AA19: =INT((DAY(X19)-1)/7)+1 -> 3 | AB19: =YEAR(X19) -> 2024 | AC19: {=_xlfn.XLOOKUP(1, ('[1]Engagement Summary(Task1)'!$J$2:$J$201=Social_Media_Platform_Analysis!$AA19)*('[1]Engagement Summary(Task1)'!$I$2:$I$201=Social_Media_Platform_Analysis!$Z19)*('[1]Engagement Summary(Task1)'!$H$2:$H$201=Social_Media_Platform_Analysis!$AB19)*('[1]Engagement Summary(Task1)'!$B$2:$B$201=Social_Media_Platform_Analysis!$W19),'[1]Engagement Summary(Task1)'!$G$2:$G$201)} -> 43420 | AE19: 2024 | AF19: 3931.1463 | AG19: 27745.829
B20: Facebook | C20: 0.0904 | G20: Facebook | H20: 379380 | I20: 2024 | J20: 8 | K20: 4 | L20: 37 | M20: 0.034971645 | N20: Grand Total | O20: 1.0925655 | W20: Facebook | X20: 45488 | Y20: =SUM([1]!Posts[[#This Row],[Likes]],[1]!Posts[[#This Row],[Shares]],[1]!Posts[[#This Row],[Comments]]) -> 4189 | Z20: =MONTH(X20) -> 7 | AA20: =INT((DAY(X20)-1)/7)+1 -> 3 | AB20: =YEAR(X20) -> 2024 | AC20: {=_xlfn.XLOOKUP(1, ('[1]Engagement Summary(Task1)'!$J$2:$J$201=Social_Media_Platform_Analysis!$AA20)*('[1]Engagement Summary(Task1)'!$I$2:$I$201=Social_Media_Platform_Analysis!$Z20)*('[1]Engagement Summary(Task1)'!$H$2:$H$201=Social_Media_Platform_Analysis!$AB20)*('[1]Engagement Summary(Task1)'!$B$2:$B$201=Social_Media_Platform_Analysis!$W20),'[1]Engagement Summary(Task1)'!$G$2:$G$201)} -> 43420 | AE20: 2025 | AF20: 3526.16 | AG20: 28451.28
B21: Facebook | C21: 0.0641 | G21: Facebook | H21: 496982 | I21: 2024 | J21: 9 | K21: 1 | L21: 1045 | M21: 28.243243 | W21: Facebook | X21: 45488 | Y21: =SUM([1]!Posts[[#This Row],[Likes]],[1]!Posts[[#This Row],[Shares]],[1]!Posts[[#This Row],[Comments]]) -> 5022 | Z21: =MONTH(X21) -> 7 | AA21: =INT((DAY(X21)-1)/7)+1 -> 3 | AB21: =YEAR(X21) -> 2024 | AC21: {=_xlfn.XLOOKUP(1, ('[1]Engagement Summary(Task1)'!$J$2:$J$201=Social_Media_Platform_Analysis!$AA21)*('[1]Engagement Summary(Task1)'!$I$2:$I$201=Social_Media_Platform_Analysis!$Z21)*('[1]Engagement Summary(Task1)'!$H$2:$H$201=Social_Media_Platform_Analysis!$AB21)*('[1]Engagement Summary(Task1)'!$B$2:$B$201=Social_Media_Platform_Analysis!$W21),'[1]Engagement Summary(Task1)'!$G$2:$G$201)} -> 43420 | AE21: Grand Total | AF21: 3446.4602 | AG21: 25179.906
B22: Facebook | C22: 0.0176 | G22: Facebook | H22: 307524 | I22: 2024 | J22: 9 | K22: 2 | L22: 1428 | M22: 1.3665072 | W22: Facebook | X22: 45494 | Y22: =SUM([1]!Posts[[#This Row],[Likes]],[1]!Posts[[#This Row],[Shares]],[1]!Posts[[#This Row],[Comments]]) -> 3707 | Z22: =MONTH(X22) -> 7 | AA22: =INT((DAY(X22)-1)/7)+1 -> 3 | AB22: =YEAR(X22) -> 2024 | AC22: {=_xlfn.XLOOKUP(1, ('[1]Engagement Summary(Task1)'!$J$2:$J$201=Social_Media_Platform_Analysis!$AA22)*('[1]Engagement Summary(Task1)'!$I$2:$I$201=Social_Media_Platform_Analysis!$Z22)*('[1]Engagement Summary(Task1)'!$H$2:$H$201=Social_Media_Platform_Analysis!$AB22)*('[1]Engagement Summary(Task1)'!$B$2:$B$201=Social_Media_Platform_Analysis!$W22),'[1]Engagement Summary(Task1)'!$G$2:$G$201)} -> 43420
B23: Facebook | C23: 0.092 | D23: To calculate growth rate | E23: Netgraowth/ Previous week followers | G23: Facebook | H23: 474162 | I23: 2024 | J23: 9 | K23: 3 | L23: 98 | M23: 0.068627451 | W23: Facebook | X23: 45504 | Y23: =SUM([1]!Posts[[#This Row],[Likes]],[1]!Posts[[#This Row],[Shares]],[1]!Posts[[#This Row],[Comments]]) -> 1612 | Z23: =MONTH(X23) -> 7 | AA23: =INT((DAY(X23)-1)/7)+1 -> 5 | AB23: =YEAR(X23) -> 2024 | AC23: {=_xlfn.XLOOKUP(1, ('[1]Engagement Summary(Task1)'!$J$2:$J$201=Social_Media_Platform_Analysis!$AA23)*('[1]Engagement Summary(Task1)'!$I$2:$I$201=Social_Media_Platform_Analysis!$Z23)*('[1]Engagement Summary(Task1)'!$H$2:$H$201=Social_Media_Platform_Analysis!$AB23)*('[1]Engagement Summary(Task1)'!$B$2:$B$201=Social_Media_Platform_Analysis!$W23),'[1]Engagement Summary(Task1)'!$G$2:$G$201)} -> 4839
B24: Facebook | C24: 0.0736 | G24: Facebook | H24: 239753 | I24: 2024 | J24: 9 | K24: 4 | L24: -19 | M24: -0.19387755 | W24: Facebook | X24: 45504 | Y24: =SUM([1]!Posts[[#This Row],[Likes]],[1]!Posts[[#This Row],[Shares]],[1]!Posts[[#This Row],[Comments]]) -> 4915 | Z24: =MONTH(X24) -> 7 | AA24: =INT((DAY(X24)-1)/7)+1 -> 5 | AB24: =YEAR(X24) -> 2024 | AC24: {=_xlfn.XLOOKUP(1, ('[1]Engagement Summary(Task1)'!$J$2:$J$201=Social_Media_Platform_Analysis!$AA24)*('[1]Engagement Summary(Task1)'!$I$2:$I$201=Social_Media_Platform_Analysis!$Z24)*('[1]Engagement Summary(Task1)'!$H$2:$H$201=Social_Media_Platform_Analysis!$AB24)*('[1]Engagement Summary(Task1)'!$B$2:$B$201=Social_Media_Platform_Analysis!$W24),'[1]Engagement Summary(Task1)'!$G$2:$G$201)} -> 4839
B25: Facebook | C25: 0.0177 | G25: Facebook | H25: 453423 | I25: 2024 | J25: 9 | K25: 5 | L25: -179 | M25: 9.4210526 | W25: Facebook | X25: 45509 | Y25: =SUM([1]!Posts[[#This Row],[Likes]],[1]!Posts[[#This Row],[Shares]],[1]!Posts[[#This Row],[Comments]]) -> 5606 | Z25: =MONTH(X25) -> 8 | AA25: =INT((DAY(X25)-1)/7)+1 -> 1 | AB25: =YEAR(X25) -> 2024 | AC25: {=_xlfn.XLOOKUP(1, ('[1]Engagement Summary(Task1)'!$J$2:$J$201=Social_Media_Platform_Analysis!$AA25)*('[1]Engagement Summary(Task1)'!$I$2:$I$201=Social_Media_Platform_Analysis!$Z25)*('[1]Engagement Summary(Task1)'!$H$2:$H$201=Social_Media_Platform_Analysis!$AB25)*('[1]Engagement Summary(Task1)'!$B$2:$B$201=Social_Media_Platform_Analysis!$W25),'[1]Engagement Summary(Task1)'!$G$2:$G$201)} -> 26455
B26: Facebook | C26: 0.0175 | D26: To extact data from other sheet | E26: Used Take () | G26: Facebook | H26: 379363 | I26: 2024 | J26: 10 | K26: 1 | L26: 1662 | M26: -9.2849162 | W26: Facebook | X26: 45518 | Y26: =SUM([1]!Posts[[#This Row],[Likes]],[1]!Posts[[#This Row],[Shares]],[1]!Posts[[#This Row],[Comments]]) -> 2017 | Z26: =MONTH(X26) -> 8 | AA26: =INT((DAY(X26)-1)/7)+1 -> 2 | AB26: =YEAR(X26) -> 2024 | AC26: {=_xlfn.XLOOKUP(1, ('[1]Engagement Summary(Task1)'!$J$2:$J$201=Social_Media_Platform_Analysis!$AA26)*('[1]Engagement Summary(Task1)'!$I$2:$I$201=Social_Media_Platform_Analysis!$Z26)*('[1]Engagement Summary(Task1)'!$H$2:$H$201=Social_Media_Platform_Analysis!$AB26)*('[1]Engagement Summary(Task1)'!$B$2:$B$201=Social_Media_Platform_Analysis!$W26),'[1]Engagement Summary(Task1)'!$G$2:$G$201)} -> 37903
B27: Facebook | C27: 0.0388 | D27: To extract Month year and week from dates | E27: Used Month(), Year(), Week() | G27: Facebook | H27: 157599 | I27: 2024 | J27: 10 | K27: 2 | L27: 285 | M27: 0.17148014 | W27: Facebook | X27: 45521 | Y27: =SUM([1]!Posts[[#This Row],[Likes]],[1]!Posts[[#This Row],[Shares]],[1]!Posts[[#This Row],[Comments]]) -> 2469 | Z27: =MONTH(X27) -> 8 | AA27: =INT((DAY(X27)-1)/7)+1 -> 3 | AB27: =YEAR(X27) -> 2024 | AC27: {=_xlfn.XLOOKUP(1, ('[1]Engagement Summary(Task1)'!$J$2:$J$201=Social_Media_Platform_Analysis!$AA27)*('[1]Engagement Summary(Task1)'!$I$2:$I$201=Social_Media_Platform_Analysis!$Z27)*('[1]Engagement Summary(Task1)'!$H$2:$H$201=Social_Media_Platform_Analysis!$AB27)*('[1]Engagement Summary(Task1)'!$B$2:$B$201=Social_Media_Platform_Analysis!$W27),'[1]Engagement Summary(Task1)'!$G$2:$G$201)} -> 14203
B28: Facebook | C28: 0.0316 | G28: Facebook | H28: 23492 | I28: 2024 | J28: 10 | K28: 3 | L28: 439 | M28: 1.5403509 | W28: Facebook | X28: 45523 | Y28: =SUM([1]!Posts[[#This Row],[Likes]],[1]!Posts[[#This Row],[Shares]],[1]!Posts[[#This Row],[Comments]]) -> 2469 | Z28: =MONTH(X28) -> 8 | AA28: =INT((DAY(X28)-1)/7)+1 -> 3 | AB28: =YEAR(X28) -> 2024 | AC28: {=_xlfn.XLOOKUP(1, ('[1]Engagement Summary(Task1)'!$J$2:$J$201=Social_Media_Platform_Analysis!$AA28)*('[1]Engagement Summary(Task1)'!$I$2:$I$201=Social_Media_Platform_Analysis!$Z28)*('[1]Engagement Summary(Task1)'!$H$2:$H$201=Social_Media_Platform_Analysis!$AB28)*('[1]Engagement Summary(Task1)'!$B$2:$B$201=Social_Media_Platform_Analysis!$W28),'[1]Engagement Summary(Task1)'!$G$2:$G$201)} -> 14203
B29: Facebook | C29: 0.0446 | G29: Facebook | H29: 209987 | I29: 2024 | J29: 10 | K29: 4 | L29: 386 | M29: 0.87927107 | W29: Facebook | X29: 45523 | Y29: =SUM([1]!Posts[[#This Row],[Likes]],[1]!Posts[[#This Row],[Shares]],[1]!Posts[[#This Row],[Comments]]) -> 4853 | Z29: =MONTH(X29) -> 8 | AA29: =INT((DAY(X29)-1)/7)+1 -> 3 | AB29: =YEAR(X29) -> 2024 | AC29: {=_xlfn.XLOOKUP(1, ('[1]Engagement Summary(Task1)'!$J$2:$J$201=Social_Media_Platform_Analysis!$AA29)*('[1]Engagement Summary(Task1)'!$I$2:$I$201=Social_Media_Platform_Analysis!$Z29)*('[1]Engagement Summary(Task1)'!$H$2:$H$201=Social_Media_Platform_Analysis!$AB29)*('[1]Engagement Summary(Task1)'!$B$2:$B$201=Social_Media_Platform_Analysis!$W29),'[1]Engagement Summary(Task1)'!$G$2:$G$201)} -> 14203
B30: Facebook | C30: 0.0332 | G30: Facebook | H30: 319186 | I30: 2024 | J30: 11 | K30: 1 | L30: 540 | M30: 1.3989637 | W30: Facebook | X30: 45523 | Y30: =SUM([1]!Posts[[#This Row],[Likes]],[1]!Posts[[#This Row],[Shares]],[1]!Posts[[#This Row],[Comments]]) -> 3536 | Z30: =MONTH(X30) -> 8 | AA30: =INT((DAY(X30)-1)/7)+1 -> 3 | AB30: =YEAR(X30) -> 2024 | AC30: {=_xlfn.XLOOKUP(1, ('[1]Engagement Summary(Task1)'!$J$2:$J$201=Social_Media_Platform_Analysis!$AA30)*('[1]Engagement Summary(Task1)'!$I$2:$I$201=Social_Media_Platform_Analysis!$Z30)*('[1]Engagement Summary(Task1)'!$H$2:$H$201=Social_Media_Platform_Analysis!$AB30)*('[1]Engagement Summary(Task1)'!$B$2:$B$201=Social_Media_Platform_Analysis!$W30),'[1]Engagement Summary(Task1)'!$G$2:$G$201)} -> 14203 | AM30: Opinion on to focus 1-2 core platforms or multiplatforms
B31: Facebook | C31: 0.087 | G31: Facebook | H31: 309483 | I31: 2024 | J31: 11 | K31: 2 | L31: -106 | M31: -0.1962963 | W31: Facebook | X31: 45525 | Y31: =SUM([1]!Posts[[#This Row],[Likes]],[1]!Posts[[#This Row],[Shares]],[1]!Posts[[#This Row],[Comments]]) -> 3780 | Z31: =MONTH(X31) -> 8 | AA31: =INT((DAY(X31)-1)/7)+1 -> 3 | AB31: =YEAR(X31) -> 2024 | AC31: {=_xlfn.XLOOKUP(1, ('[1]Engagement Summary(Task1)'!$J$2:$J$201=Social_Media_Platform_Analysis!$AA31)*('[1]Engagement Summary(Task1)'!$I$2:$I$201=Social_Media_Platform_Analysis!$Z31)*('[1]Engagement Summary(Task1)'!$H$2:$H$201=Social_Media_Platform_Analysis!$AB31)*('[1]Engagement Summary(Task1)'!$B$2:$B$201=Social_Media_Platform_Analysis!$W31),'[1]Engagement Summary(Task1)'!$G$2:$G$201)} -> 14203 | AM31: As you see in this bar graph,there is not much difference in the engagement(likes+ shares+Comments) of different platforms .Even though there is engagement drop in 2025, but there is not much difference on engagements produced by different platforms. So,multi-platform strategy should be maintained to ensure audience reach and diversity, because each platform reaches a different segment of your audience, and no single platform is outperforming others enough to justify narrowing focus.
B32: Facebook | C32: 0.0268 | G32: Facebook | H32: 338847 | I32: 2024 | J32: 11 | K32: 3 | L32: 72 | M32: -0.67924528 | W32: Facebook | X32: 45528 | Y32: =SUM([1]!Posts[[#This Row],[Likes]],[1]!Posts[[#This Row],[Shares]],[1]!Posts[[#This Row],[Comments]]) -> 2375 | Z32: =MONTH(X32) -> 8 | AA32: =INT((DAY(X32)-1)/7)+1 -> 4 | AB32: =YEAR(X32) -> 2024 | AC32: {=_xlfn.XLOOKUP(1, ('[1]Engagement Summary(Task1)'!$J$2:$J$201=Social_Media_Platform_Analysis!$AA32)*('[1]Engagement Summary(Task1)'!$I$2:$I$201=Social_Media_Platform_Analysis!$Z32)*('[1]Engagement Summary(Task1)'!$H$2:$H$201=Social_Media_Platform_Analysis!$AB32)*('[1]Engagement Summary(Task1)'!$B$2:$B$201=Social_Media_Platform_Analysis!$W32),'[1]Engagement Summary(Task1)'!$G$2:$G$201)} -> 26925
B33: Facebook | C33: 0.062 | G33: Facebook | H33: 336661 | I33: 2024 | J33: 11 | K33: 4 | L33: 1332 | M33: 18.5 | W33: Facebook | X33: 45530 | Y33: =SUM([1]!Posts[[#This Row],[Likes]],[1]!Posts[[#This Row],[Shares]],[1]!Posts[[#This Row],[Comments]]) -> 1179 | Z33: =MONTH(X33) -> 8 | AA33: =INT((DAY(X33)-1)/7)+1 -> 4 | AB33: =YEAR(X33) -> 2024 | AC33: {=_xlfn.XLOOKUP(1, ('[1]Engagement Summary(Task1)'!$J$2:$J$201=Social_Media_Platform_Analysis!$AA33)*('[1]Engagement Summary(Task1)'!$I$2:$I$201=Social_Media_Platform_Analysis!$Z33)*('[1]Engagement Summary(Task1)'!$H$2:$H$201=Social_Media_Platform_Analysis!$AB33)*('[1]Engagement Summary(Task1)'!$B$2:$B$201=Social_Media_Platform_Analysis!$W33),'[1]Engagement Summary(Task1)'!$G$2:$G$201)} -> 26925
B34: Facebook | C34: 0.0479 | G34: Facebook | H34: 470269 | I34: 2024 | J34: 12 | K34: 1 | L34: 1706 | M34: 1.2807808 | W34: Facebook | X34: 45530 | Y34: =SUM([1]!Posts[[#This Row],[Likes]],[1]!Posts[[#This Row],[Shares]],[1]!Posts[[#This Row],[Comments]]) -> 2721 | Z34: =MONTH(X34) -> 8 | AA34: =INT((DAY(X34)-1)/7)+1 -> 4 | AB34: =YEAR(X34) -> 2024 | AC34: {=_xlfn.XLOOKUP(1, ('[1]Engagement Summary(Task1)'!$J$2:$J$201=Social_Media_Platform_Analysis!$AA34)*('[1]Engagement Summary(Task1)'!$I$2:$I$201=Social_Media_Platform_Analysis!$Z34)*('[1]Engagement Summary(Task1)'!$H$2:$H$201=Social_Media_Platform_Analysis!$AB34)*('[1]Engagement Summary(Task1)'!$B$2:$B$201=Social_Media_Platform_Analysis!$W34),'[1]Engagement Summary(Task1)'!$G$2:$G$201)} -> 26925
B35: Facebook | C35: 0.0747 | G35: Facebook | H35: 35842 | I35: 2024 | J35: 12 | K35: 2 | L35: 1373 | M35: 0.80480657 | W35: Facebook | X35: 45531 | Y35: =SUM([1]!Posts[[#This Row],[Likes]],[1]!Posts[[#This Row],[Shares]],[1]!Posts[[#This Row],[Comments]]) -> 3212 | Z35: =MONTH(X35) -> 8 | AA35: =INT((DAY(X35)-1)/7)+1 -> 4 | AB35: =YEAR(X35) -> 2024 | AC35: {=_xlfn.XLOOKUP(1, ('[1]Engagement Summary(Task1)'!$J$2:$J$201=Social_Media_Platform_Analysis!$AA35)*('[1]Engagement Summary(Task1)'!$I$2:$I$201=Social_Media_Platform_Analysis!$Z35)*('[1]Engagement Summary(Task1)'!$H$2:$H$201=Social_Media_Platform_Analysis!$AB35)*('[1]Engagement Summary(Task1)'!$B$2:$B$201=Social_Media_Platform_Analysis!$W35),'[1]Engagement Summary(Task1)'!$G$2:$G$201)} -> 26925
B36: Facebook | C36: 0.0811 | G36: Facebook | H36: 415815 | I36: 2024 | J36: 12 | K36: 3 | L36: 1377 | M36: 1.0029133 | W36: Facebook | X36: 45531 | Y36: =SUM([1]!Posts[[#This Row],[Likes]],[1]!Posts[[#This Row],[Shares]],[1]!Posts[[#This Row],[Comments]]) -> 866 | Z36: =MONTH(X36) -> 8 | AA36: =INT((DAY(X36)-1)/7)+1 -> 4 | AB36: =YEAR(X36) -> 2024 | AC36: {=_xlfn.XLOOKUP(1, ('[1]Engagement Summary(Task1)'!$J$2:$J$201=Social_Media_Platform_Analysis!$AA36)*('[1]Engagement Summary(Task1)'!$I$2:$I$201=Social_Media_Platform_Analysis!$Z36)*('[1]Engagement Summary(Task1)'!$H$2:$H$201=Social_Media_Platform_Analysis!$AB36)*('[1]Engagement Summary(Task1)'!$B$2:$B$201=Social_Media_Platform_Analysis!$W36),'[1]Engagement Summary(Task1)'!$G$2:$G$201)} -> 26925
B37: Facebook | C37: 0.0202 | G37: Facebook | H37: 93347 | I37: 2024 | J37: 12 | K37: 4 | L37: 730 | M37: 0.53013798 | W37: Facebook | X37: 45531 | Y37: =SUM([1]!Posts[[#This Row],[Likes]],[1]!Posts[[#This Row],[Shares]],[1]!Posts[[#This Row],[Comments]]) -> 2609 | Z37: =MONTH(X37) -> 8 | AA37: =INT((DAY(X37)-1)/7)+1 -> 4 | AB37: =YEAR(X37) -> 2024 | AC37: {=_xlfn.XLOOKUP(1, ('[1]Engagement Summary(Task1)'!$J$2:$J$201=Social_Media_Platform_Analysis!$AA37)*('[1]Engagement Summary(Task1)'!$I$2:$I$201=Social_Media_Platform_Analysis!$Z37)*('[1]Engagement Summary(Task1)'!$H$2:$H$201=Social_Media_Platform_Analysis!$AB37)*('[1]Engagement Summary(Task1)'!$B$2:$B$201=Social_Media_Platform_Analysis!$W37),'[1]Engagement Summary(Task1)'!$G$2:$G$201)} -> 26925
B38: Facebook | C38: 0.0309 | G38: Facebook | H38: 379431 | I38: 2024 | J38: 12 | K38: 5 | L38: 1776 | M38: 2.4328767 | W38: Facebook | X38: 45534 | Y38: =SUM([1]!Posts[[#This Row],[Likes]],[1]!Posts[[#This Row],[Shares]],[1]!Posts[[#This Row],[Comments]]) -> 2158 | Z38: =MONTH(X38) -> 8 | AA38: =INT((DAY(X38)-1)/7)+1 -> 5 | AB38: =YEAR(X38) -> 2024 | AC38: 0
B39: Facebook | C39: 0.082 | G39: Facebook | H39: 95728 | I39: 2025 | J39: 1 | K39: 1 | L39: 620 | M39: 0.3490991 | W39: Facebook | X39: 45573 | Y39: =SUM([1]!Posts[[#This Row],[Likes]],[1]!Posts[[#This Row],[Shares]],[1]!Posts[[#This Row],[Comments]]) -> 2098 | Z39: =MONTH(X39) -> 10 | AA39: =INT((DAY(X39)-1)/7)+1 -> 2 | AB39: =YEAR(X39) -> 2024 | AC39: {=_xlfn.XLOOKUP(1, ('[1]Engagement Summary(Task1)'!$J$2:$J$201=Social_Media_Platform_Analysis!$AA39)*('[1]Engagement Summary(Task1)'!$I$2:$I$201=Social_Media_Platform_Analysis!$Z39)*('[1]Engagement Summary(Task1)'!$H$2:$H$201=Social_Media_Platform_Analysis!$AB39)*('[1]Engagement Summary(Task1)'!$B$2:$B$201=Social_Media_Platform_Analysis!$W39),'[1]Engagement Summary(Task1)'!$G$2:$G$201)} -> 7285
B40: Facebook | C40: 0.0561 | G40: Facebook | H40: 224699 | I40: 2025 | J40: 1 | K40: 2 | L40: 298 | M40: 0.48064516 | W40: Facebook | X40: 45573 | Y40: =SUM([1]!Posts[[#This Row],[Likes]],[1]!Posts[[#This Row],[Shares]],[1]!Posts[[#This Row],[Comments]]) -> 4030 | Z40: =MONTH(X40) -> 10 | AA40: =INT((DAY(X40)-1)/7)+1 -> 2 | AB40: =YEAR(X40) -> 2024 | AC40: {=_xlfn.XLOOKUP(1, ('[1]Engagement Summary(Task1)'!$J$2:$J$201=Social_Media_Platform_Analysis!$AA40)*('[1]Engagement Summary(Task1)'!$I$2:$I$201=Social_Media_Platform_Analysis!$Z40)*('[1]Engagement Summary(Task1)'!$H$2:$H$201=Social_Media_Platform_Analysis!$AB40)*('[1]Engagement Summary(Task1)'!$B$2:$B$201=Social_Media_Platform_Analysis!$W40),'[1]Engagement Summary(Task1)'!$G$2:$G$201)} -> 7285
B41: Facebook | C41: 0.0451 | G41: Facebook | H41: 479490 | I41: 2025 | J41: 1 | K41: 3 | L41: 427 | M41: 1.4328859 | W41: Facebook | X41: 45576 | Y41: =SUM([1]!Posts[[#This Row],[Likes]],[1]!Posts[[#This Row],[Shares]],[1]!Posts[[#This Row],[Comments]]) -> 5186 | Z41: =MONTH(X41) -> 10 | AA41: =INT((DAY(X41)-1)/7)+1 -> 2 | AB41: =YEAR(X41) -> 2024 | AC41: {=_xlfn.XLOOKUP(1, ('[1]Engagement Summary(Task1)'!$J$2:$J$201=Social_Media_Platform_Analysis!$AA41)*('[1]Engagement Summary(Task1)'!$I$2:$I$201=Social_Media_Platform_Analysis!$Z41)*('[1]Engagement Summary(Task1)'!$H$2:$H$201=Social_Media_Platform_Analysis!$AB41)*('[1]Engagement Summary(Task1)'!$B$2:$B$201=Social_Media_Platform_Analysis!$W41),'[1]Engagement Summary(Task1)'!$G$2:$G$201)} -> 7285
B42: Facebook | C42: 0.0637 | G42: Facebook | H42: 321307 | I42: 2025 | J42: 1 | K42: 4 | L42: 898 | M42: 2.1030445 | W42: Facebook | X42: 45583 | Y42: =SUM([1]!Posts[[#This Row],[Likes]],[1]!Posts[[#This Row],[Shares]],[1]!Posts[[#This Row],[Comments]]) -> 4299 | Z42: =MONTH(X42) -> 10 | AA42: =INT((DAY(X42)-1)/7)+1 -> 3 | AB42: =YEAR(X42) -> 2024 | AC42: {=_xlfn.XLOOKUP(1, ('[1]Engagement Summary(Task1)'!$J$2:$J$201=Social_Media_Platform_Analysis!$AA42)*('[1]Engagement Summary(Task1)'!$I$2:$I$201=Social_Media_Platform_Analysis!$Z42)*('[1]Engagement Summary(Task1)'!$H$2:$H$201=Social_Media_Platform_Analysis!$AB42)*('[1]Engagement Summary(Task1)'!$B$2:$B$201=Social_Media_Platform_Analysis!$W42),'[1]Engagement Summary(Task1)'!$G$2:$G$201)} -> 42824
B43: Facebook | C43: 0.087 | G43: Facebook | H43: 135987 | I43: 2025 | J43: 2 | K43: 1 | L43: 748 | M43: 0.83296214 | W43: Facebook | X43: 45586 | Y43: =SUM([1]!Posts[[#This Row],[Likes]],[1]!Posts[[#This Row],[Shares]],[1]!Posts[[#This Row],[Comments]]) -> 3552 | Z43: =MONTH(X43) -> 10 | AA43: =INT((DAY(X43)-1)/7)+1 -> 3 | AB43: =YEAR(X43) -> 2024 | AC43: {=_xlfn.XLOOKUP(1, ('[1]Engagement Summary(Task1)'!$J$2:$J$201=Social_Media_Platform_Analysis!$AA43)*('[1]Engagement Summary(Task1)'!$I$2:$I$201=Social_Media_Platform_Analysis!$Z43)*('[1]Engagement Summary(Task1)'!$H$2:$H$201=Social_Media_Platform_Analysis!$AB43)*('[1]Engagement Summary(Task1)'!$B$2:$B$201=Social_Media_Platform_Analysis!$W43),'[1]Engagement Summary(Task1)'!$G$2:$G$201)} -> 42824
B44: Facebook | C44: 0.0803 | G44: Facebook | H44: 309914 | I44: 2025 | J44: 2 | K44: 2 | L44: 912 | M44: 1.2192513 | W44: Facebook | X44: 45587 | Y44: =SUM([1]!Posts[[#This Row],[Likes]],[1]!Posts[[#This Row],[Shares]],[1]!Posts[[#This Row],[Comments]]) -> 4370 | Z44: =MONTH(X44) -> 10 | AA44: =INT((DAY(X44)-1)/7)+1 -> 4 | AB44: =YEAR(X44) -> 2024 | AC44: {=_xlfn.XLOOKUP(1, ('[1]Engagement Summary(Task1)'!$J$2:$J$201=Social_Media_Platform_Analysis!$AA44)*('[1]Engagement Summary(Task1)'!$I$2:$I$201=Social_Media_Platform_Analysis!$Z44)*('[1]Engagement Summary(Task1)'!$H$2:$H$201=Social_Media_Platform_Analysis!$AB44)*('[1]Engagement Summary(Task1)'!$B$2:$B$201=Social_Media_Platform_Analysis!$W44),'[1]Engagement Summary(Task1)'!$G$2:$G$201)} -> 30214
B45: Facebook | C45: 0.0385 | G45: Facebook | H45: 104967 | I45: 2025 | J45: 2 | K45: 3 | L45: 1590 | M45: 1.7434211 | W45: Facebook | X45: 45589 | Y45: =SUM([1]!Posts[[#This Row],[Likes]],[1]!Posts[[#This Row],[Shares]],[1]!Posts[[#This Row],[Comments]]) -> 5316 | Z45: =MONTH(X45) -> 10 | AA45: =INT((DAY(X45)-1)/7)+1 -> 4 | AB45: =YEAR(X45) -> 2024 | AC45: {=_xlfn.XLOOKUP(1, ('[1]Engagement Summary(Task1)'!$J$2:$J$201=Social_Media_Platform_Analysis!$AA45)*('[1]Engagement Summary(Task1)'!$I$2:$I$201=Social_Media_Platform_Analysis!$Z45)*('[1]Engagement Summary(Task1)'!$H$2:$H$201=Social_Media_Platform_Analysis!$AB45)*('[1]Engagement Summary(Task1)'!$B$2:$B$201=Social_Media_Platform_Analysis!$W45),'[1]Engagement Summary(Task1)'!$G$2:$G$201)} -> 30214
B46: Facebook | C46: 0.078 | G46: Facebook | H46: 230448 | I46: 2025 | J46: 2 | K46: 4 | L46: 1707 | M46: 1.0735849 | W46: Facebook | X46: 45589 | Y46: =SUM([1]!Posts[[#This Row],[Likes]],[1]!Posts[[#This Row],[Shares]],[1]!Posts[[#This Row],[Comments]]) -> 1513 | Z46: =MONTH(X46) -> 10 | AA46: =INT((DAY(X46)-1)/7)+1 -> 4 | AB46: =YEAR(X46) -> 2024 | AC46: {=_xlfn.XLOOKUP(1, ('[1]Engagement Summary(Task1)'!$J$2:$J$201=Social_Media_Platform_Analysis!$AA46)*('[1]Engagement Summary(Task1)'!$I$2:$I$201=Social_Media_Platform_Analysis!$Z46)*('[1]Engagement Summary(Task1)'!$H$2:$H$201=Social_Media_Platform_Analysis!$AB46)*('[1]Engagement Summary(Task1)'!$B$2:$B$201=Social_Media_Platform_Analysis!$W46),'[1]Engagement Summary(Task1)'!$G$2:$G$201)} -> 30214
B47: Facebook | C47: 0.0455 | G47: Facebook | H47: 366881 | I47: 2025 | J47: 3 | K47: 1 | L47: -119 | M47: -0.069712947 | W47: Facebook | X47: 45596 | Y47: =SUM([1]!Posts[[#This Row],[Likes]],[1]!Posts[[#This Row],[Shares]],[1]!Posts[[#This Row],[Comments]]) -> 2696 | Z47: =MONTH(X47) -> 10 | AA47: =INT((DAY(X47)-1)/7)+1 -> 5 | AB47: =YEAR(X47) -> 2024 | AC47: 0
B48: Facebook | C48: 0.0939 | G48: Facebook | H48: 340842 | I48: 2025 | J48: 3 | K48: 2 | L48: 908 | M48: -7.6302521 | W48: Facebook | X48: 45597 | Y48: =SUM([1]!Posts[[#This Row],[Likes]],[1]!Posts[[#This Row],[Shares]],[1]!Posts[[#This Row],[Comments]]) -> 2847 | Z48: =MONTH(X48) -> 11 | AA48: =INT((DAY(X48)-1)/7)+1 -> 1 | AB48: =YEAR(X48) -> 2024 | AC48: {=_xlfn.XLOOKUP(1, ('[1]Engagement Summary(Task1)'!$J$2:$J$201=Social_Media_Platform_Analysis!$AA48)*('[1]Engagement Summary(Task1)'!$I$2:$I$201=Social_Media_Platform_Analysis!$Z48)*('[1]Engagement Summary(Task1)'!$H$2:$H$201=Social_Media_Platform_Analysis!$AB48)*('[1]Engagement Summary(Task1)'!$B$2:$B$201=Social_Media_Platform_Analysis!$W48),'[1]Engagement Summary(Task1)'!$G$2:$G$201)} -> 4996
B49: Facebook | C49: 0.0494 | G49: Facebook | H49: 342129 | I49: 2025 | J49: 3 | K49: 3 | L49: 1116 | M49: 1.2290749 | W49: Facebook | X49: 45600 | Y49: =SUM([1]!Posts[[#This Row],[Likes]],[1]!Posts[[#This Row],[Shares]],[1]!Posts[[#This Row],[Comments]]) -> 3486 | Z49: =MONTH(X49) -> 11 | AA49: =INT((DAY(X49)-1)/7)+1 -> 1 | AB49: =YEAR(X49) -> 2024 | AC49: {=_xlfn.XLOOKUP(1, ('[1]Engagement Summary(Task1)'!$J$2:$J$201=Social_Media_Platform_Analysis!$AA49)*('[1]Engagement Summary(Task1)'!$I$2:$I$201=Social_Media_Platform_Analysis!$Z49)*('[1]Engagement Summary(Task1)'!$H$2:$H$201=Social_Media_Platform_Analysis!$AB49)*('[1]Engagement Summary(Task1)'!$B$2:$B$201=Social_Media_Platform_Analysis!$W49),'[1]Engagement Summary(Task1)'!$G$2:$G$201)} -> 4996
B50: Facebook | C50: 0.0852 | G50: Facebook | H50: 373606 | I50: 2025 | J50: 3 | K50: 4 | L50: 474 | M50: 0.42473118 | W50: Facebook | X50: 45602 | Y50: =SUM([1]!Posts[[#This Row],[Likes]],[1]!Posts[[#This Row],[Shares]],[1]!Posts[[#This Row],[Comments]]) -> 3804 | Z50: =MONTH(X50) -> 11 | AA50: =INT((DAY(X50)-1)/7)+1 -> 1 | AB50: =YEAR(X50) -> 2024 | AC50: {=_xlfn.XLOOKUP(1, ('[1]Engagement Summary(Task1)'!$J$2:$J$201=Social_Media_Platform_Analysis!$AA50)*('[1]Engagement Summary(Task1)'!$I$2:$I$201=Social_Media_Platform_Analysis!$Z50)*('[1]Engagement Summary(Task1)'!$H$2:$H$201=Social_Media_Platform_Analysis!$AB50)*('[1]Engagement Summary(Task1)'!$B$2:$B$201=Social_Media_Platform_Analysis!$W50),'[1]Engagement Summary(Task1)'!$G$2:$G$201)} -> 4996
B51: Facebook | C51: 0.0946 | G51: Facebook | H51: 370070 | I51: 2025 | J51: 3 | K51: 5 | L51: 514 | M51: 1.0843882 | W51: Facebook | X51: 45602 | Y51: =SUM([1]!Posts[[#This Row],[Likes]],[1]!Posts[[#This Row],[Shares]],[1]!Posts[[#This Row],[Comments]]) -> 1497 | Z51: =MONTH(X51) -> 11 | AA51: =INT((DAY(X51)-1)/7)+1 -> 1 | AB51: =YEAR(X51) -> 2024 | AC51: {=_xlfn.XLOOKUP(1, ('[1]Engagement Summary(Task1)'!$J$2:$J$201=Social_Media_Platform_Analysis!$AA51)*('[1]Engagement Summary(Task1)'!$I$2:$I$201=Social_Media_Platform_Analysis!$Z51)*('[1]Engagement Summary(Task1)'!$H$2:$H$201=Social_Media_Platform_Analysis!$AB51)*('[1]Engagement Summary(Task1)'!$B$2:$B$201=Social_Media_Platform_Analysis!$W51),'[1]Engagement Summary(Task1)'!$G$2:$G$201)} -> 4996
B52: Facebook | C52: 0.0249 | G52: Facebook | H52: 98596 | I52: 2025 | J52: 4 | K52: 1 | L52: 1029 | M52: 2.0019455 | W52: Facebook | X52: 45602 | Y52: =SUM([1]!Posts[[#This Row],[Likes]],[1]!Posts[[#This Row],[Shares]],[1]!Posts[[#This Row],[Comments]]) -> 3609 | Z52: =MONTH(X52) -> 11 | AA52: =INT((DAY(X52)-1)/7)+1 -> 1 | AB52: =YEAR(X52) -> 2024 | AC52: {=_xlfn.XLOOKUP(1, ('[1]Engagement Summary(Task1)'!$J$2:$J$201=Social_Media_Platform_Analysis!$AA52)*('[1]Engagement Summary(Task1)'!$I$2:$I$201=Social_Media_Platform_Analysis!$Z52)*('[1]Engagement Summary(Task1)'!$H$2:$H$201=Social_Media_Platform_Analysis!$AB52)*('[1]Engagement Summary(Task1)'!$B$2:$B$201=Social_Media_Platform_Analysis!$W52),'[1]Engagement Summary(Task1)'!$G$2:$G$201)} -> 4996
B53: Facebook | C53: 0.0483 | G53: Facebook | H53: 70707 | I53: 2025 | J53: 4 | K53: 2 | L53: -175 | M53: -0.17006803 | W53: Facebook | X53: 45608 | Y53: =SUM([1]!Posts[[#This Row],[Likes]],[1]!Posts[[#This Row],[Shares]],[1]!Posts[[#This Row],[Comments]]) -> 2723 | Z53: =MONTH(X53) -> 11 | AA53: =INT((DAY(X53)-1)/7)+1 -> 2 | AB53: =YEAR(X53) -> 2024 | AC53: {=_xlfn.XLOOKUP(1, ('[1]Engagement Summary(Task1)'!$J$2:$J$201=Social_Media_Platform_Analysis!$AA53)*('[1]Engagement Summary(Task1)'!$I$2:$I$201=Social_Media_Platform_Analysis!$Z53)*('[1]Engagement Summary(Task1)'!$H$2:$H$201=Social_Media_Platform_Analysis!$AB53)*('[1]Engagement Summary(Task1)'!$B$2:$B$201=Social_Media_Platform_Analysis!$W53),'[1]Engagement Summary(Task1)'!$G$2:$G$201)} -> 38452
B54: Facebook | C54: 0.026 | G54: Facebook | H54: 377382 | I54: 2025 | J54: 4 | K54: 3 | L54: 1045 | M54: -5.9714286 | W54: Facebook | X54: 45613 | Y54: =SUM([1]!Posts[[#This Row],[Likes]],[1]!Posts[[#This Row],[Shares]],[1]!Posts[[#This Row],[Comments]]) -> 2987 | Z54: =MONTH(X54) -> 11 | AA54: =INT((DAY(X54)-1)/7)+1 -> 3 | AB54: =YEAR(X54) -> 2024 | AC54: {=_xlfn.XLOOKUP(1, ('[1]Engagement Summary(Task1)'!$J$2:$J$201=Social_Media_Platform_Analysis!$AA54)*('[1]Engagement Summary(Task1)'!$I$2:$I$201=Social_Media_Platform_Analysis!$Z54)*('[1]Engagement Summary(Task1)'!$H$2:$H$201=Social_Media_Platform_Analysis!$AB54)*('[1]Engagement Summary(Task1)'!$B$2:$B$201=Social_Media_Platform_Analysis!$W54),'[1]Engagement Summary(Task1)'!$G$2:$G$201)} -> 39997
B55: Facebook | C55: 0.0386 | G55: Facebook | H55: 224830 | I55: 2025 | J55: 4 | K55: 4 | L55: 453 | M55: 0.43349282 | W55: Facebook | X55: 45613 | Y55: =SUM([1]!Posts[[#This Row],[Likes]],[1]!Posts[[#This Row],[Shares]],[1]!Posts[[#This Row],[Comments]]) -> 2974 | Z55: =MONTH(X55) -> 11 | AA55: =INT((DAY(X55)-1)/7)+1 -> 3 | AB55: =YEAR(X55) -> 2024 | AC55: {=_xlfn.XLOOKUP(1, ('[1]Engagement Summary(Task1)'!$J$2:$J$201=Social_Media_Platform_Analysis!$AA55)*('[1]Engagement Summary(Task1)'!$I$2:$I$201=Social_Media_Platform_Analysis!$Z55)*('[1]Engagement Summary(Task1)'!$H$2:$H$201=Social_Media_Platform_Analysis!$AB55)*('[1]Engagement Summary(Task1)'!$B$2:$B$201=Social_Media_Platform_Analysis!$W55),'[1]Engagement Summary(Task1)'!$G$2:$G$201)} -> 39997
B56: Facebook | C56: 0.0559 | G56: Facebook | H56: 418696 | I56: 2025 | J56: 5 | K56: 1 | L56: 339 | M56: 0.74834437 | W56: Facebook | X56: 45621 | Y56: =SUM([1]!Posts[[#This Row],[Likes]],[1]!Posts[[#This Row],[Shares]],[1]!Posts[[#This Row],[Comments]]) -> 2943 | Z56: =MONTH(X56) -> 11 | AA56: =INT((DAY(X56)-1)/7)+1 -> 4 | AB56: =YEAR(X56) -> 2024 | AC56: {=_xlfn.XLOOKUP(1, ('[1]Engagement Summary(Task1)'!$J$2:$J$201=Social_Media_Platform_Analysis!$AA56)*('[1]Engagement Summary(Task1)'!$I$2:$I$201=Social_Media_Platform_Analysis!$Z56)*('[1]Engagement Summary(Task1)'!$H$2:$H$201=Social_Media_Platform_Analysis!$AB56)*('[1]Engagement Summary(Task1)'!$B$2:$B$201=Social_Media_Platform_Analysis!$W56),'[1]Engagement Summary(Task1)'!$G$2:$G$201)} -> 28498
B57: Facebook | C57: 0.04 | G57: Facebook | H57: 364820 | I57: 2025 | J57: 5 | K57: 2 | L57: 407 | M57: 1.20059 | W57: Facebook | X57: 45621 | Y57: =SUM([1]!Posts[[#This Row],[Likes]],[1]!Posts[[#This Row],[Shares]],[1]!Posts[[#This Row],[Comments]]) -> 1635 | Z57: =MONTH(X57) -> 11 | AA57: =INT((DAY(X57)-1)/7)+1 -> 4 | AB57: =YEAR(X57) -> 2024 | AC57: {=_xlfn.XLOOKUP(1, ('[1]Engagement Summary(Task1)'!$J$2:$J$201=Social_Media_Platform_Analysis!$AA57)*('[1]Engagement Summary(Task1)'!$I$2:$I$201=Social_Media_Platform_Analysis!$Z57)*('[1]Engagement Summary(Task1)'!$H$2:$H$201=Social_Media_Platform_Analysis!$AB57)*('[1]Engagement Summary(Task1)'!$B$2:$B$201=Social_Media_Platform_Analysis!$W57),'[1]Engagement Summary(Task1)'!$G$2:$G$201)} -> 28498
B58: Instagram | C58: 0.0806 | G58: Instagram | H58: 344084 | I58: 2024 | J58: 6 | K58: 1 | L58: 1047 | M58: 1 | W58: Facebook | X58: 45621 | Y58: =SUM([1]!Posts[[#This Row],[Likes]],[1]!Posts[[#This Row],[Shares]],[1]!Posts[[#This Row],[Comments]]) -> 1486 | Z58: =MONTH(X58) -> 11 | AA58: =INT((DAY(X58)-1)/7)+1 -> 4 | AB58: =YEAR(X58) -> 2024 | AC58: {=_xlfn.XLOOKUP(1, ('[1]Engagement Summary(Task1)'!$J$2:$J$201=Social_Media_Platform_Analysis!$AA58)*('[1]Engagement Summary(Task1)'!$I$2:$I$201=Social_Media_Platform_Analysis!$Z58)*('[1]Engagement Summary(Task1)'!$H$2:$H$201=Social_Media_Platform_Analysis!$AB58)*('[1]Engagement Summary(Task1)'!$B$2:$B$201=Social_Media_Platform_Analysis!$W58),'[1]Engagement Summary(Task1)'!$G$2:$G$201)} -> 28498
B59: Instagram | C59: 0.0905 | G59: Instagram | H59: 49157 | I59: 2024 | J59: 6 | K59: 2 | L59: 517 | M59: 0.49379179 | W59: Facebook | X59: 45624 | Y59: =SUM([1]!Posts[[#This Row],[Likes]],[1]!Posts[[#This Row],[Shares]],[1]!Posts[[#This Row],[Comments]]) -> 1486 | Z59: =MONTH(X59) -> 11 | AA59: =INT((DAY(X59)-1)/7)+1 -> 4 | AB59: =YEAR(X59) -> 2024 | AC59: {=_xlfn.XLOOKUP(1, ('[1]Engagement Summary(Task1)'!$J$2:$J$201=Social_Media_Platform_Analysis!$AA59)*('[1]Engagement Summary(Task1)'!$I$2:$I$201=Social_Media_Platform_Analysis!$Z59)*('[1]Engagement Summary(Task1)'!$H$2:$H$201=Social_Media_Platform_Analysis!$AB59)*('[1]Engagement Summary(Task1)'!$B$2:$B$201=Social_Media_Platform_Analysis!$W59),'[1]Engagement Summary(Task1)'!$G$2:$G$201)} -> 28498
... B147: Twitter | C147: 0.0833 | G147: Twitter | H147: 466575 | I147: 2025 | J147: 3 | K147: 1 | L147: 899 | M147: 1.269774 | W147: Instagram | X147: 45624 | Y147: =SUM([1]!Posts[[#This Row],[Likes]],[1]!Posts[[#This Row],[Shares]],[1]!Posts[[#This Row],[Comments]]) -> 3981 | Z147: =MONTH(X147) -> 11 | AA147: =INT((DAY(X147)-1)/7)+1 -> 4 | AB147: =YEAR(X147) -> 2024 | AC147: {=_xlfn.XLOOKUP(1, ('[1]Engagement Summary(Task1)'!$J$2:$J$201=Social_Media_Platform_Analysis!$AA147)*('[1]Engagement Summary(Task1)'!$I$2:$I$201=Social_Media_Platform_Analysis!$Z147)*('[1]Engagement Summary(Task1)'!$H$2:$H$201=Social_Media_Platform_Analysis!$AB147)*('[1]Engagement Summary(Task1)'!$B$2:$B$201=Social_Media_Platform_Analysis!$W147),'[1]Engagement Summary(Task1)'!$G$2:$G$201)} -> 1810
B148: Twitter | C148: 0.0512 | G148: Twitter | H148: 12471 | I148: 2025 | J148: 3 | K148: 2 | L148: 1350 | M148: 1.5016685 | W148: Instagram | X148: 45625 | Y148: =SUM([1]!Posts[[#This Row],[Likes]],[1]!Posts[[#This Row],[Shares]],[1]!Posts[[#This Row],[Comments]]) -> 4900 | Z148: =MONTH(X148) -> 11 | AA148: =INT((DAY(X148)-1)/7)+1 -> 5 | AB148: =YEAR(X148) -> 2024 | AC148: 0
B149: Twitter | C149: 0.018 | G149: Twitter | H149: 12447 | I149: 2025 | J149: 3 | K149: 3 | L149: 861 | M149: 0.63777778 | W149: Instagram | X149: 45626 | Y149: =SUM([1]!Posts[[#This Row],[Likes]],[1]!Posts[[#This Row],[Shares]],[1]!Posts[[#This Row],[Comments]]) -> 4466 | Z149: =MONTH(X149) -> 11 | AA149: =INT((DAY(X149)-1)/7)+1 -> 5 | AB149: =YEAR(X149) -> 2024 | AC149: 0
B150: Twitter | C150: 0.0553 | G150: Twitter | H150: 211090 | I150: 2025 | J150: 3 | K150: 4 | L150: 292 | M150: 0.33914053 | W150: Instagram | X150: 45634 | Y150: =SUM([1]!Posts[[#This Row],[Likes]],[1]!Posts[[#This Row],[Shares]],[1]!Posts[[#This Row],[Comments]]) -> 3139 | Z150: =MONTH(X150) -> 12 | AA150: =INT((DAY(X150)-1)/7)+1 -> 2 | AB150: =YEAR(X150) -> 2024 | AC150: {=_xlfn.XLOOKUP(1, ('[1]Engagement Summary(Task1)'!$J$2:$J$201=Social_Media_Platform_Analysis!$AA150)*('[1]Engagement Summary(Task1)'!$I$2:$I$201=Social_Media_Platform_Analysis!$Z150)*('[1]Engagement Summary(Task1)'!$H$2:$H$201=Social_Media_Platform_Analysis!$AB150)*('[1]Engagement Summary(Task1)'!$B$2:$B$201=Social_Media_Platform_Analysis!$W150),'[1]Engagement Summary(Task1)'!$G$2:$G$201)} -> 22724
B151: Twitter | C151: 0.075 | G151: Twitter | H151: 198350 | I151: 2025 | J151: 3 | K151: 5 | L151: 1676 | M151: 5.739726 | W151: Instagram | X151: 45637 | Y151: =SUM([1]!Posts[[#This Row],[Likes]],[1]!Posts[[#This Row],[Shares]],[1]!Posts[[#This Row],[Comments]]) -> 735 | Z151: =MONTH(X151) -> 12 | AA151: =INT((DAY(X151)-1)/7)+1 -> 2 | AB151: =YEAR(X151) -> 2024 | AC151: {=_xlfn.XLOOKUP(1, ('[1]Engagement Summary(Task1)'!$J$2:$J$201=Social_Media_Platform_Analysis!$AA151)*('[1]Engagement Summary(Task1)'!$I$2:$I$201=Social_Media_Platform_Analysis!$Z151)*('[1]Engagement Summary(Task1)'!$H$2:$H$201=Social_Media_Platform_Analysis!$AB151)*('[1]Engagement Summary(Task1)'!$B$2:$B$201=Social_Media_Platform_Analysis!$W151),'[1]Engagement Summary(Task1)'!$G$2:$G$201)} -> 22724
B152: Twitter | C152: 0.045 | G152: Twitter | H152: 29589 | I152: 2025 | J152: 4 | K152: 1 | L152: 1007 | M152: 0.60083532 | W152: Instagram | X152: 45640 | Y152: =SUM([1]!Posts[[#This Row],[Likes]],[1]!Posts[[#This Row],[Shares]],[1]!Posts[[#This Row],[Comments]]) -> 3105 | Z152: =MONTH(X152) -> 12 | AA152: =INT((DAY(X152)-1)/7)+1 -> 2 | AB152: =YEAR(X152) -> 2024 | AC152: {=_xlfn.XLOOKUP(1, ('[1]Engagement Summary(Task1)'!$J$2:$J$201=Social_Media_Platform_Analysis!$AA152)*('[1]Engagement Summary(Task1)'!$I$2:$I$201=Social_Media_Platform_Analysis!$Z152)*('[1]Engagement Summary(Task1)'!$H$2:$H$201=Social_Media_Platform_Analysis!$AB152)*('[1]Engagement Summary(Task1)'!$B$2:$B$201=Social_Media_Platform_Analysis!$W152),'[1]Engagement Summary(Task1)'!$G$2:$G$201)} -> 22724
B153: Twitter | C153: 0.053 | G153: Twitter | H153: 142507 | I153: 2025 | J153: 4 | K153: 2 | L153: 53 | M153: 0.052631579 | W153: Instagram | X153: 45642 | Y153: =SUM([1]!Posts[[#This Row],[Likes]],[1]!Posts[[#This Row],[Shares]],[1]!Posts[[#This Row],[Comments]]) -> 2854 | Z153: =MONTH(X153) -> 12 | AA153: =INT((DAY(X153)-1)/7)+1 -> 3 | AB153: =YEAR(X153) -> 2024 | AC153: {=_xlfn.XLOOKUP(1, ('[1]Engagement Summary(Task1)'!$J$2:$J$201=Social_Media_Platform_Analysis!$AA153)*('[1]Engagement Summary(Task1)'!$I$2:$I$201=Social_Media_Platform_Analysis!$Z153)*('[1]Engagement Summary(Task1)'!$H$2:$H$201=Social_Media_Platform_Analysis!$AB153)*('[1]Engagement Summary(Task1)'!$B$2:$B$201=Social_Media_Platform_Analysis!$W153),'[1]Engagement Summary(Task1)'!$G$2:$G$201)} -> 20692
B154: Twitter | C154: 0.0244 | G154: Twitter | H154: 333851 | I154: 2025 | J154: 4 | K154: 3 | L154: 759 | M154: 14.320755 | W154: Instagram | X154: 45643 | Y154: =SUM([1]!Posts[[#This Row],[Likes]],[1]!Posts[[#This Row],[Shares]],[1]!Posts[[#This Row],[Comments]]) -> 2854 | Z154: =MONTH(X154) -> 12 | AA154: =INT((DAY(X154)-1)/7)+1 -> 3 | AB154: =YEAR(X154) -> 2024 | AC154: {=_xlfn.XLOOKUP(1, ('[1]Engagement Summary(Task1)'!$J$2:$J$201=Social_Media_Platform_Analysis!$AA154)*('[1]Engagement Summary(Task1)'!$I$2:$I$201=Social_Media_Platform_Analysis!$Z154)*('[1]Engagement Summary(Task1)'!$H$2:$H$201=Social_Media_Platform_Analysis!$AB154)*('[1]Engagement Summary(Task1)'!$B$2:$B$201=Social_Media_Platform_Analysis!$W154),'[1]Engagement Summary(Task1)'!$G$2:$G$201)} -> 20692
B155: Twitter | C155: 0.0316 | G155: Twitter | H155: 487289 | I155: 2025 | J155: 4 | K155: 4 | L155: 948 | M155: 1.2490119 | W155: Instagram | X155: 45645 | Y155: =SUM([1]!Posts[[#This Row],[Likes]],[1]!Posts[[#This Row],[Shares]],[1]!Posts[[#This Row],[Comments]]) -> 4406 | Z155: =MONTH(X155) -> 12 | AA155: =INT((DAY(X155)-1)/7)+1 -> 3 | AB155: =YEAR(X155) -> 2024 | AC155: {=_xlfn.XLOOKUP(1, ('[1]Engagement Summary(Task1)'!$J$2:$J$201=Social_Media_Platform_Analysis!$AA155)*('[1]Engagement Summary(Task1)'!$I$2:$I$201=Social_Media_Platform_Analysis!$Z155)*('[1]Engagement Summary(Task1)'!$H$2:$H$201=Social_Media_Platform_Analysis!$AB155)*('[1]Engagement Summary(Task1)'!$B$2:$B$201=Social_Media_Platform_Analysis!$W155),'[1]Engagement Summary(Task1)'!$G$2:$G$201)} -> 20692
B156: Twitter | C156: 0.0355 | G156: Twitter | H156: 484364 | I156: 2025 | J156: 5 | K156: 1 | L156: 1510 | M156: 1.592827 | W156: Instagram | X156: 45646 | Y156: =SUM([1]!Posts[[#This Row],[Likes]],[1]!Posts[[#This Row],[Shares]],[1]!Posts[[#This Row],[Comments]]) -> 2731 | Z156: =MONTH(X156) -> 12 | AA156: =INT((DAY(X156)-1)/7)+1 -> 3 | AB156: =YEAR(X156) -> 2024 | AC156: {=_xlfn.XLOOKUP(1, ('[1]Engagement Summary(Task1)'!$J$2:$J$201=Social_Media_Platform_Analysis!$AA156)*('[1]Engagement Summary(Task1)'!$I$2:$I$201=Social_Media_Platform_Analysis!$Z156)*('[1]Engagement Summary(Task1)'!$H$2:$H$201=Social_Media_Platform_Analysis!$AB156)*('[1]Engagement Summary(Task1)'!$B$2:$B$201=Social_Media_Platform_Analysis!$W156),'[1]Engagement Summary(Task1)'!$G$2:$G$201)} -> 20692
B157: Twitter | C157: 0.0757 | G157: Twitter | H157: 456298 | I157: 2025 | J157: 5 | K157: 2 | L157: 269 | M157: 0.1781457 | W157: Instagram | X157: 45649 | Y157: =SUM([1]!Posts[[#This Row],[Likes]],[1]!Posts[[#This Row],[Shares]],[1]!Posts[[#This Row],[Comments]]) -> 522 | Z157: =MONTH(X157) -> 12 | AA157: =INT((DAY(X157)-1)/7)+1 -> 4 | AB157: =YEAR(X157) -> 2024 | AC157: {=_xlfn.XLOOKUP(1, ('[1]Engagement Summary(Task1)'!$J$2:$J$201=Social_Media_Platform_Analysis!$AA157)*('[1]Engagement Summary(Task1)'!$I$2:$I$201=Social_Media_Platform_Analysis!$Z157)*('[1]Engagement Summary(Task1)'!$H$2:$H$201=Social_Media_Platform_Analysis!$AB157)*('[1]Engagement Summary(Task1)'!$B$2:$B$201=Social_Media_Platform_Analysis!$W157),'[1]Engagement Summary(Task1)'!$G$2:$G$201)} -> 4683
B158: YouTube | C158: 0.0411 | G158: YouTube | H158: 395536 | I158: 2024 | J158: 6 | K158: 1 | L158: 1090 | M158: 1 | W158: Instagram | X158: 45658 | Y158: =SUM([1]!Posts[[#This Row],[Likes]],[1]!Posts[[#This Row],[Shares]],[1]!Posts[[#This Row],[Comments]]) -> 6130 | Z158: =MONTH(X158) -> 1 | AA158: =INT((DAY(X158)-1)/7)+1 -> 1 | AB158: =YEAR(X158) -> 2025 | AC158: {=_xlfn.XLOOKUP(1, ('[1]Engagement Summary(Task1)'!$J$2:$J$201=Social_Media_Platform_Analysis!$AA158)*('[1]Engagement Summary(Task1)'!$I$2:$I$201=Social_Media_Platform_Analysis!$Z158)*('[1]Engagement Summary(Task1)'!$H$2:$H$201=Social_Media_Platform_Analysis!$AB158)*('[1]Engagement Summary(Task1)'!$B$2:$B$201=Social_Media_Platform_Analysis!$W158),'[1]Engagement Summary(Task1)'!$G$2:$G$201)} -> 37132
B159: YouTube | C159: 0.0316 | G159: YouTube | H159: 413878 | I159: 2024 | J159: 6 | K159: 2 | L159: 994 | M159: 0.91192661 | W159: Instagram | X159: 45661 | Y159: =SUM([1]!Posts[[#This Row],[Likes]],[1]!Posts[[#This Row],[Shares]],[1]!Posts[[#This Row],[Comments]]) -> 2119 | Z159: =MONTH(X159) -> 1 | AA159: =INT((DAY(X159)-1)/7)+1 -> 1 | AB159: =YEAR(X159) -> 2025 | AC159: {=_xlfn.XLOOKUP(1, ('[1]Engagement Summary(Task1)'!$J$2:$J$201=Social_Media_Platform_Analysis!$AA159)*('[1]Engagement Summary(Task1)'!$I$2:$I$201=Social_Media_Platform_Analysis!$Z159)*('[1]Engagement Summary(Task1)'!$H$2:$H$201=Social_Media_Platform_Analysis!$AB159)*('[1]Engagement Summary(Task1)'!$B$2:$B$201=Social_Media_Platform_Analysis!$W159),'[1]Engagement Summary(Task1)'!$G$2:$G$201)} -> 37132
B160: YouTube | C160: 0.0349 | G160: YouTube | H160: 382851 | I160: 2024 | J160: 6 | K160: 3 | L160: 337 | M160: 0.33903421 | W160: Instagram | X160: 45668 | Y160: =SUM([1]!Posts[[#This Row],[Likes]],[1]!Posts[[#This Row],[Shares]],[1]!Posts[[#This Row],[Comments]]) -> 3979 | Z160: =MONTH(X160) -> 1 | AA160: =INT((DAY(X160)-1)/7)+1 -> 2 | AB160: =YEAR(X160) -> 2025 | AC160: {=_xlfn.XLOOKUP(1, ('[1]Engagement Summary(Task1)'!$J$2:$J$201=Social_Media_Platform_Analysis!$AA160)*('[1]Engagement Summary(Task1)'!$I$2:$I$201=Social_Media_Platform_Analysis!$Z160)*('[1]Engagement Summary(Task1)'!$H$2:$H$201=Social_Media_Platform_Analysis!$AB160)*('[1]Engagement Summary(Task1)'!$B$2:$B$201=Social_Media_Platform_Analysis!$W160),'[1]Engagement Summary(Task1)'!$G$2:$G$201)} -> 14548
B161: YouTube | C161: 0.0262 | G161: YouTube | H161: 426184 | I161: 2024 | J161: 6 | K161: 4 | L161: -123 | M161: -0.36498516 | W161: Instagram | X161: 45674 | Y161: =SUM([1]!Posts[[#This Row],[Likes]],[1]!Posts[[#This Row],[Shares]],[1]!Posts[[#This Row],[Comments]]) -> 3979 | Z161: =MONTH(X161) -> 1 | AA161: =INT((DAY(X161)-1)/7)+1 -> 3 | AB161: =YEAR(X161) -> 2025 | AC161: {=_xlfn.XLOOKUP(1, ('[1]Engagement Summary(Task1)'!$J$2:$J$201=Social_Media_Platform_Analysis!$AA161)*('[1]Engagement Summary(Task1)'!$I$2:$I$201=Social_Media_Platform_Analysis!$Z161)*('[1]Engagement Summary(Task1)'!$H$2:$H$201=Social_Media_Platform_Analysis!$AB161)*('[1]Engagement Summary(Task1)'!$B$2:$B$201=Social_Media_Platform_Analysis!$W161),'[1]Engagement Summary(Task1)'!$G$2:$G$201)} -> 43122
... B164: YouTube | C164: 0.0456 | G164: YouTube | H164: 156683 | I164: 2024 | J164: 7 | K164: 3 | L164: 160 | M164: 0.31128405 | W164: Instagram | X164: 45685 | Y164: =SUM([1]!Posts[[#This Row],[Likes]],[1]!Posts[[#This Row],[Shares]],[1]!Posts[[#This Row],[Comments]]) -> 2631 | Z164: =MONTH(X164) -> 1 | AA164: =INT((DAY(X164)-1)/7)+1 -> 4 | AB164: =YEAR(X164) -> 2025 | AC164: {=_xlfn.XLOOKUP(1, ('[1]Engagement Summary(Task1)'!$J$2:$J$201=Social_Media_Platform_Analysis!$AA164)*('[1]Engagement Summary(Task1)'!$I$2:$I$201=Social_Media_Platform_Analysis!$Z164)*('[1]Engagement Summary(Task1)'!$H$2:$H$201=Social_Media_Platform_Analysis!$AB164)*('[1]Engagement Summary(Task1)'!$B$2:$B$201=Social_Media_Platform_Analysis!$W164),'[1]Engagement Summary(Task1)'!$G$2:$G$201)} -> 25525
B165: YouTube | C165: 0.0552 | G165: YouTube | H165: 306564 | I165: 2024 | J165: 7 | K165: 4 | L165: 317 | M165: 1.98125 | W165: Instagram | X165: 45688 | Y165: =SUM([1]!Posts[[#This Row],[Likes]],[1]!Posts[[#This Row],[Shares]],[1]!Posts[[#This Row],[Comments]]) -> 5473 | Z165: =MONTH(X165) -> 1 | AA165: =INT((DAY(X165)-1)/7)+1 -> 5 | AB165: =YEAR(X165) -> 2025 | AC165: 0
B166: YouTube | C166: 0.0348 | G166: YouTube | H166: 62499 | I166: 2024 | J166: 7 | K166: 5 | L166: 475 | M166: 1.4984227 | W166: Instagram | X166: 45690 | Y166: =SUM([1]!Posts[[#This Row],[Likes]],[1]!Posts[[#This Row],[Shares]],[1]!Posts[[#This Row],[Comments]]) -> 3907 | Z166: =MONTH(X166) -> 2 | AA166: =INT((DAY(X166)-1)/7)+1 -> 1 | AB166: =YEAR(X166) -> 2025 | AC166: {=_xlfn.XLOOKUP(1, ('[1]Engagement Summary(Task1)'!$J$2:$J$201=Social_Media_Platform_Analysis!$AA166)*('[1]Engagement Summary(Task1)'!$I$2:$I$201=Social_Media_Platform_Analysis!$Z166)*('[1]Engagement Summary(Task1)'!$H$2:$H$201=Social_Media_Platform_Analysis!$AB166)*('[1]Engagement Summary(Task1)'!$B$2:$B$201=Social_Media_Platform_Analysis!$W166),'[1]Engagement Summary(Task1)'!$G$2:$G$201)} -> 10825
B167: YouTube | C167: 0.0404 | G167: YouTube | H167: 320650 | I167: 2024 | J167: 8 | K167: 1 | L167: 319 | M167: 0.67157895 | W167: Instagram | X167: 45692 | Y167: =SUM([1]!Posts[[#This Row],[Likes]],[1]!Posts[[#This Row],[Shares]],[1]!Posts[[#This Row],[Comments]]) -> 5624 | Z167: =MONTH(X167) -> 2 | AA167: =INT((DAY(X167)-1)/7)+1 -> 1 | AB167: =YEAR(X167) -> 2025 | AC167: {=_xlfn.XLOOKUP(1, ('[1]Engagement Summary(Task1)'!$J$2:$J$201=Social_Media_Platform_Analysis!$AA167)*('[1]Engagement Summary(Task1)'!$I$2:$I$201=Social_Media_Platform_Analysis!$Z167)*('[1]Engagement Summary(Task1)'!$H$2:$H$201=Social_Media_Platform_Analysis!$AB167)*('[1]Engagement Summary(Task1)'!$B$2:$B$201=Social_Media_Platform_Analysis!$W167),'[1]Engagement Summary(Task1)'!$G$2:$G$201)} -> 10825
B168: YouTube | C168: 0.0542 | G168: YouTube | H168: 102042 | I168: 2024 | J168: 8 | K168: 2 | L168: 1032 | M168: 3.2351097 | W168: Instagram | X168: 45695 | Y168: =SUM([1]!Posts[[#This Row],[Likes]],[1]!Posts[[#This Row],[Shares]],[1]!Posts[[#This Row],[Comments]]) -> 1208 | Z168: =MONTH(X168) -> 2 | AA168: =INT((DAY(X168)-1)/7)+1 -> 1 | AB168: =YEAR(X168) -> 2025 | AC168: {=_xlfn.XLOOKUP(1, ('[1]Engagement Summary(Task1)'!$J$2:$J$201=Social_Media_Platform_Analysis!$AA168)*('[1]Engagement Summary(Task1)'!$I$2:$I$201=Social_Media_Platform_Analysis!$Z168)*('[1]Engagement Summary(Task1)'!$H$2:$H$201=Social_Media_Platform_Analysis!$AB168)*('[1]Engagement Summary(Task1)'!$B$2:$B$201=Social_Media_Platform_Analysis!$W168),'[1]Engagement Summary(Task1)'!$G$2:$G$201)} -> 10825
B169: YouTube | C169: 0.0619 | G169: YouTube | H169: 87443 | I169: 2024 | J169: 8 | K169: 3 | L169: 190 | M169: 0.18410853 | W169: Instagram | X169: 45700 | Y169: =SUM([1]!Posts[[#This Row],[Likes]],[1]!Posts[[#This Row],[Shares]],[1]!Posts[[#This Row],[Comments]]) -> 2204 | Z169: =MONTH(X169) -> 2 | AA169: =INT((DAY(X169)-1)/7)+1 -> 2 | AB169: =YEAR(X169) -> 2025 | AC169: {=_xlfn.XLOOKUP(1, ('[1]Engagement Summary(Task1)'!$J$2:$J$201=Social_Media_Platform_Analysis!$AA169)*('[1]Engagement Summary(Task1)'!$I$2:$I$201=Social_Media_Platform_Analysis!$Z169)*('[1]Engagement Summary(Task1)'!$H$2:$H$201=Social_Media_Platform_Analysis!$AB169)*('[1]Engagement Summary(Task1)'!$B$2:$B$201=Social_Media_Platform_Analysis!$W169),'[1]Engagement Summary(Task1)'!$G$2:$G$201)} -> 3314
B170: YouTube | C170: 0.0783 | G170: YouTube | H170: 239044 | I170: 2024 | J170: 8 | K170: 4 | L170: 28 | M170: 0.14736842 | W170: Instagram | X170: 45700 | Y170: =SUM([1]!Posts[[#This Row],[Likes]],[1]!Posts[[#This Row],[Shares]],[1]!Posts[[#This Row],[Comments]]) -> 2623 | Z170: =MONTH(X170) -> 2 | AA170: =INT((DAY(X170)-1)/7)+1 -> 2 | AB170: =YEAR(X170) -> 2025 | AC170: {=_xlfn.XLOOKUP(1, ('[1]Engagement Summary(Task1)'!$J$2:$J$201=Social_Media_Platform_Analysis!$AA170)*('[1]Engagement Summary(Task1)'!$I$2:$I$201=Social_Media_Platform_Analysis!$Z170)*('[1]Engagement Summary(Task1)'!$H$2:$H$201=Social_Media_Platform_Analysis!$AB170)*('[1]Engagement Summary(Task1)'!$B$2:$B$201=Social_Media_Platform_Analysis!$W170),'[1]Engagement Summary(Task1)'!$G$2:$G$201)} -> 3314
B171: YouTube | C171: 0.0386 | G171: YouTube | H171: 370971 | I171: 2024 | J171: 9 | K171: 1 | L171: 333 | M171: 11.892857 | W171: Instagram | X171: 45700 | Y171: =SUM([1]!Posts[[#This Row],[Likes]],[1]!Posts[[#This Row],[Shares]],[1]!Posts[[#This Row],[Comments]]) -> 4775 | Z171: =MONTH(X171) -> 2 | AA171: =INT((DAY(X171)-1)/7)+1 -> 2 | AB171: =YEAR(X171) -> 2025 | AC171: {=_xlfn.XLOOKUP(1, ('[1]Engagement Summary(Task1)'!$J$2:$J$201=Social_Media_Platform_Analysis!$AA171)*('[1]Engagement Summary(Task1)'!$I$2:$I$201=Social_Media_Platform_Analysis!$Z171)*('[1]Engagement Summary(Task1)'!$H$2:$H$201=Social_Media_Platform_Analysis!$AB171)*('[1]Engagement Summary(Task1)'!$B$2:$B$201=Social_Media_Platform_Analysis!$W171),'[1]Engagement Summary(Task1)'!$G$2:$G$201)} -> 3314
B172: YouTube | C172: 0.0899 | G172: YouTube | H172: 64583 | I172: 2024 | J172: 9 | K172: 2 | L172: 1100 | M172: 3.3033033 | W172: Instagram | X172: 45713 | Y172: =SUM([1]!Posts[[#This Row],[Likes]],[1]!Posts[[#This Row],[Shares]],[1]!Posts[[#This Row],[Comments]]) -> 5154 | Z172: =MONTH(X172) -> 2 | AA172: =INT((DAY(X172)-1)/7)+1 -> 4 | AB172: =YEAR(X172) -> 2025 | AC172: {=_xlfn.XLOOKUP(1, ('[1]Engagement Summary(Task1)'!$J$2:$J$201=Social_Media_Platform_Analysis!$AA172)*('[1]Engagement Summary(Task1)'!$I$2:$I$201=Social_Media_Platform_Analysis!$Z172)*('[1]Engagement Summary(Task1)'!$H$2:$H$201=Social_Media_Platform_Analysis!$AB172)*('[1]Engagement Summary(Task1)'!$B$2:$B$201=Social_Media_Platform_Analysis!$W172),'[1]Engagement Summary(Task1)'!$G$2:$G$201)} -> 49772
B173: YouTube | C173: 0.035 | G173: YouTube | H173: 119934 | I173: 2024 | J173: 9 | K173: 3 | L173: -32 | M173: -0.029090909 | W173: Instagram | X173: 45720 | Y173: =SUM([1]!Posts[[#This Row],[Likes]],[1]!Posts[[#This Row],[Shares]],[1]!Posts[[#This Row],[Comments]]) -> 2590 | Z173: =MONTH(X173) -> 3 | AA173: =INT((DAY(X173)-1)/7)+1 -> 1 | AB173: =YEAR(X173) -> 2025 | AC173: {=_xlfn.XLOOKUP(1, ('[1]Engagement Summary(Task1)'!$J$2:$J$201=Social_Media_Platform_Analysis!$AA173)*('[1]Engagement Summary(Task1)'!$I$2:$I$201=Social_Media_Platform_Analysis!$Z173)*('[1]Engagement Summary(Task1)'!$H$2:$H$201=Social_Media_Platform_Analysis!$AB173)*('[1]Engagement Summary(Task1)'!$B$2:$B$201=Social_Media_Platform_Analysis!$W173),'[1]Engagement Summary(Task1)'!$G$2:$G$201)} -> 33799
B174: YouTube | C174: 0.0813 | G174: YouTube | H174: 63177 | I174: 2024 | J174: 9 | K174: 4 | L174: 1006 | M174: -31.4375 | W174: Instagram | X174: 45720 | Y174: =SUM([1]!Posts[[#This Row],[Likes]],[1]!Posts[[#This Row],[Shares]],[1]!Posts[[#This Row],[Comments]]) -> 2766 | Z174: =MONTH(X174) -> 3 | AA174: =INT((DAY(X174)-1)/7)+1 -> 1 | AB174: =YEAR(X174) -> 2025 | AC174: {=_xlfn.XLOOKUP(1, ('[1]Engagement Summary(Task1)'!$J$2:$J$201=Social_Media_Platform_Analysis!$AA174)*('[1]Engagement Summary(Task1)'!$I$2:$I$201=Social_Media_Platform_Analysis!$Z174)*('[1]Engagement Summary(Task1)'!$H$2:$H$201=Social_Media_Platform_Analysis!$AB174)*('[1]Engagement Summary(Task1)'!$B$2:$B$201=Social_Media_Platform_Analysis!$W174),'[1]Engagement Summary(Task1)'!$G$2:$G$201)} -> 33799
B175: YouTube | C175: 0.0736 | G175: YouTube | H175: 94360 | I175: 2024 | J175: 9 | K175: 5 | L175: 1706 | M175: 1.695825 | W175: Instagram | X175: 45724 | Y175: =SUM([1]!Posts[[#This Row],[Likes]],[1]!Posts[[#This Row],[Shares]],[1]!Posts[[#This Row],[Comments]]) -> 1775 | Z175: =MONTH(X175) -> 3 | AA175: =INT((DAY(X175)-1)/7)+1 -> 2 | AB175: =YEAR(X175) -> 2025 | AC175: {=_xlfn.XLOOKUP(1, ('[1]Engagement Summary(Task1)'!$J$2:$J$201=Social_Media_Platform_Analysis!$AA175)*('[1]Engagement Summary(Task1)'!$I$2:$I$201=Social_Media_Platform_Analysis!$Z175)*('[1]Engagement Summary(Task1)'!$H$2:$H$201=Social_Media_Platform_Analysis!$AB175)*('[1]Engagement Summary(Task1)'!$B$2:$B$201=Social_Media_Platform_Analysis!$W175),'[1]Engagement Summary(Task1)'!$G$2:$G$201)} -> 6296
B176: YouTube | C176: 0.093 | G176: YouTube | H176: 117767 | I176: 2024 | J176: 10 | K176: 1 | L176: 118 | M176: 0.069167644 | W176: Instagram | X176: 45743 | Y176: =SUM([1]!Posts[[#This Row],[Likes]],[1]!Posts[[#This Row],[Shares]],[1]!Posts[[#This Row],[Comments]]) -> 5913 | Z176: =MONTH(X176) -> 3 | AA176: =INT((DAY(X176)-1)/7)+1 -> 4 | AB176: =YEAR(X176) -> 2025 | AC176: {=_xlfn.XLOOKUP(1, ('[1]Engagement Summary(Task1)'!$J$2:$J$201=Social_Media_Platform_Analysis!$AA176)*('[1]Engagement Summary(Task1)'!$I$2:$I$201=Social_Media_Platform_Analysis!$Z176)*('[1]Engagement Summary(Task1)'!$H$2:$H$201=Social_Media_Platform_Analysis!$AB176)*('[1]Engagement Summary(Task1)'!$B$2:$B$201=Social_Media_Platform_Analysis!$W176),'[1]Engagement Summary(Task1)'!$G$2:$G$201)} -> 49077
B177: YouTube | C177: 0.0153 | G177: YouTube | H177: 199178 | I177: 2024 | J177: 10 | K177: 2 | L177: 367 | M177: 3.1101695 | W177: Instagram | X177: 45743 | Y177: =SUM([1]!Posts[[#This Row],[Likes]],[1]!Posts[[#This Row],[Shares]],[1]!Posts[[#This Row],[Comments]]) -> 4160 | Z177: =MONTH(X177) -> 3 | AA177: =INT((DAY(X177)-1)/7)+1 -> 4 | AB177: =YEAR(X177) -> 2025 | AC177: {=_xlfn.XLOOKUP(1, ('[1]Engagement Summary(Task1)'!$J$2:$J$201=Social_Media_Platform_Analysis!$AA177)*('[1]Engagement Summary(Task1)'!$I$2:$I$201=Social_Media_Platform_Analysis!$Z177)*('[1]Engagement Summary(Task1)'!$H$2:$H$201=Social_Media_Platform_Analysis!$AB177)*('[1]Engagement Summary(Task1)'!$B$2:$B$201=Social_Media_Platform_Analysis!$W177),'[1]Engagement Summary(Task1)'!$G$2:$G$201)} -> 49077
... B207: YouTube | C207: 0.0681 | G207: YouTube | H207: 82558 | I207: 2025 | J207: 5 | K207: 2 | L207: -337 | M207: -0.3900463 | W207: Twitter | X207: 45530 | Y207: =SUM([1]!Posts[[#This Row],[Likes]],[1]!Posts[[#This Row],[Shares]],[1]!Posts[[#This Row],[Comments]]) -> 5547 | Z207: =MONTH(X207) -> 8 | AA207: =INT((DAY(X207)-1)/7)+1 -> 4 | AB207: =YEAR(X207) -> 2024 | AC207: {=_xlfn.XLOOKUP(1, ('[1]Engagement Summary(Task1)'!$J$2:$J$201=Social_Media_Platform_Analysis!$AA207)*('[1]Engagement Summary(Task1)'!$I$2:$I$201=Social_Media_Platform_Analysis!$Z207)*('[1]Engagement Summary(Task1)'!$H$2:$H$201=Social_Media_Platform_Analysis!$AB207)*('[1]Engagement Summary(Task1)'!$B$2:$B$201=Social_Media_Platform_Analysis!$W207),'[1]Engagement Summary(Task1)'!$G$2:$G$201)} -> 9942
W208: Twitter | X208: 45530 | Y208: =SUM([1]!Posts[[#This Row],[Likes]],[1]!Posts[[#This Row],[Shares]],[1]!Posts[[#This Row],[Comments]]) -> 2034 | Z208: =MONTH(X208) -> 8 | AA208: =INT((DAY(X208)-1)/7)+1 -> 4 | AB208: =YEAR(X208) -> 2024 | AC208: {=_xlfn.XLOOKUP(1, ('[1]Engagement Summary(Task1)'!$J$2:$J$201=Social_Media_Platform_Analysis!$AA208)*('[1]Engagement Summary(Task1)'!$I$2:$I$201=Social_Media_Platform_Analysis!$Z208)*('[1]Engagement Summary(Task1)'!$H$2:$H$201=Social_Media_Platform_Analysis!$AB208)*('[1]Engagement Summary(Task1)'!$B$2:$B$201=Social_Media_Platform_Analysis!$W208),'[1]Engagement Summary(Task1)'!$G$2:$G$201)} -> 9942
W209: Twitter | X209: 45530 | Y209: =SUM([1]!Posts[[#This Row],[Likes]],[1]!Posts[[#This Row],[Shares]],[1]!Posts[[#This Row],[Comments]]) -> 5304 | Z209: =MONTH(X209) -> 8 | AA209: =INT((DAY(X209)-1)/7)+1 -> 4 | AB209: =YEAR(X209) -> 2024 | AC209: {=_xlfn.XLOOKUP(1, ('[1]Engagement Summary(Task1)'!$J$2:$J$201=Social_Media_Platform_Analysis!$AA209)*('[1]Engagement Summary(Task1)'!$I$2:$I$201=Social_Media_Platform_Analysis!$Z209)*('[1]Engagement Summary(Task1)'!$H$2:$H$201=Social_Media_Platform_Analysis!$AB209)*('[1]Engagement Summary(Task1)'!$B$2:$B$201=Social_Media_Platform_Analysis!$W209),'[1]Engagement Summary(Task1)'!$G$2:$G$201)} -> 9942
W210: Twitter | X210: 45535 | Y210: =SUM([1]!Posts[[#This Row],[Likes]],[1]!Posts[[#This Row],[Shares]],[1]!Posts[[#This Row],[Comments]]) -> 5128 | Z210: =MONTH(X210) -> 8 | AA210: =INT((DAY(X210)-1)/7)+1 -> 5 | AB210: =YEAR(X210) -> 2024 | AC210: 0
W211: Twitter | X211: 45535 | Y211: =SUM([1]!Posts[[#This Row],[Likes]],[1]!Posts[[#This Row],[Shares]],[1]!Posts[[#This Row],[Comments]]) -> 1624 | Z211: =MONTH(X211) -> 8 | AA211: =INT((DAY(X211)-1)/7)+1 -> 5 | AB211: =YEAR(X211) -> 2024 | AC211: 0
W212: Twitter | X212: 45535 | Y212: =SUM([1]!Posts[[#This Row],[Likes]],[1]!Posts[[#This Row],[Shares]],[1]!Posts[[#This Row],[Comments]]) -> 1624 | Z212: =MONTH(X212) -> 8 | AA212: =INT((DAY(X212)-1)/7)+1 -> 5 | AB212: =YEAR(X212) -> 2024 | AC212: 0
W213: Twitter | X213: 45535 | Y213: =SUM([1]!Posts[[#This Row],[Likes]],[1]!Posts[[#This Row],[Shares]],[1]!Posts[[#This Row],[Comments]]) -> 1624 | Z213: =MONTH(X213) -> 8 | AA213: =INT((DAY(X213)-1)/7)+1 -> 5 | AB213: =YEAR(X213) -> 2024 | AC213: 0
W214: Twitter | X214: 45540 | Y214: =SUM([1]!Posts[[#This Row],[Likes]],[1]!Posts[[#This Row],[Shares]],[1]!Posts[[#This Row],[Comments]]) -> 2508 | Z214: =MONTH(X214) -> 9 | AA214: =INT((DAY(X214)-1)/7)+1 -> 1 | AB214: =YEAR(X214) -> 2024 | AC214: {=_xlfn.XLOOKUP(1, ('[1]Engagement Summary(Task1)'!$J$2:$J$201=Social_Media_Platform_Analysis!$AA214)*('[1]Engagement Summary(Task1)'!$I$2:$I$201=Social_Media_Platform_Analysis!$Z214)*('[1]Engagement Summary(Task1)'!$H$2:$H$201=Social_Media_Platform_Analysis!$AB214)*('[1]Engagement Summary(Task1)'!$B$2:$B$201=Social_Media_Platform_Analysis!$W214),'[1]Engagement Summary(Task1)'!$G$2:$G$201)} -> 25797
W215: Twitter | X215: 45543 | Y215: =SUM([1]!Posts[[#This Row],[Likes]],[1]!Posts[[#This Row],[Shares]],[1]!Posts[[#This Row],[Comments]]) -> 5585 | Z215: =MONTH(X215) -> 9 | AA215: =INT((DAY(X215)-1)/7)+1 -> 2 | AB215: =YEAR(X215) -> 2024 | AC215: {=_xlfn.XLOOKUP(1, ('[1]Engagement Summary(Task1)'!$J$2:$J$201=Social_Media_Platform_Analysis!$AA215)*('[1]Engagement Summary(Task1)'!$I$2:$I$201=Social_Media_Platform_Analysis!$Z215)*('[1]Engagement Summary(Task1)'!$H$2:$H$201=Social_Media_Platform_Analysis!$AB215)*('[1]Engagement Summary(Task1)'!$B$2:$B$201=Social_Media_Platform_Analysis!$W215),'[1]Engagement Summary(Task1)'!$G$2:$G$201)} -> 15476
W216: Twitter | X216: 45545 | Y216: =SUM([1]!Posts[[#This Row],[Likes]],[1]!Posts[[#This Row],[Shares]],[1]!Posts[[#This Row],[Comments]]) -> 1872 | Z216: =MONTH(X216) -> 9 | AA216: =INT((DAY(X216)-1)/7)+1 -> 2 | AB216: =YEAR(X216) -> 2024 | AC216: {=_xlfn.XLOOKUP(1, ('[1]Engagement Summary(Task1)'!$J$2:$J$201=Social_Media_Platform_Analysis!$AA216)*('[1]Engagement Summary(Task1)'!$I$2:$I$201=Social_Media_Platform_Analysis!$Z216)*('[1]Engagement Summary(Task1)'!$H$2:$H$201=Social_Media_Platform_Analysis!$AB216)*('[1]Engagement Summary(Task1)'!$B$2:$B$201=Social_Media_Platform_Analysis!$W216),'[1]Engagement Summary(Task1)'!$G$2:$G$201)} -> 15476
W217: Twitter | X217: 45546 | Y217: =SUM([1]!Posts[[#This Row],[Likes]],[1]!Posts[[#This Row],[Shares]],[1]!Posts[[#This Row],[Comments]]) -> 3004 | Z217: =MONTH(X217) -> 9 | AA217: =INT((DAY(X217)-1)/7)+1 -> 2 | AB217: =YEAR(X217) -> 2024 | AC217: {=_xlfn.XLOOKUP(1, ('[1]Engagement Summary(Task1)'!$J$2:$J$201=Social_Media_Platform_Analysis!$AA217)*('[1]Engagement Summary(Task1)'!$I$2:$I$201=Social_Media_Platform_Analysis!$Z217)*('[1]Engagement Summary(Task1)'!$H$2:$H$201=Social_Media_Platform_Analysis!$AB217)*('[1]Engagement Summary(Task1)'!$B$2:$B$201=Social_Media_Platform_Analysis!$W217),'[1]Engagement Summary(Task1)'!$G$2:$G$201)} -> 15476
W218: Twitter | X218: 45549 | Y218: =SUM([1]!Posts[[#This Row],[Likes]],[1]!Posts[[#This Row],[Shares]],[1]!Posts[[#This Row],[Comments]]) -> 4413 | Z218: =MONTH(X218) -> 9 | AA218: =INT((DAY(X218)-1)/7)+1 -> 2 | AB218: =YEAR(X218) -> 2024 | AC218: {=_xlfn.XLOOKUP(1, ('[1]Engagement Summary(Task1)'!$J$2:$J$201=Social_Media_Platform_Analysis!$AA218)*('[1]Engagement Summary(Task1)'!$I$2:$I$201=Social_Media_Platform_Analysis!$Z218)*('[1]Engagement Summary(Task1)'!$H$2:$H$201=Social_Media_Platform_Analysis!$AB218)*('[1]Engagement Summary(Task1)'!$B$2:$B$201=Social_Media_Platform_Analysis!$W218),'[1]Engagement Summary(Task1)'!$G$2:$G$201)} -> 15476
W219: Twitter | X219: 45552 | Y219: =SUM([1]!Posts[[#This Row],[Likes]],[1]!Posts[[#This Row],[Shares]],[1]!Posts[[#This Row],[Comments]]) -> 1308 | Z219: =MONTH(X219) -> 9 | AA219: =INT((DAY(X219)-1)/7)+1 -> 3 | AB219: =YEAR(X219) -> 2024 | AC219: {=_xlfn.XLOOKUP(1, ('[1]Engagement Summary(Task1)'!$J$2:$J$201=Social_Media_Platform_Analysis!$AA219)*('[1]Engagement Summary(Task1)'!$I$2:$I$201=Social_Media_Platform_Analysis!$Z219)*('[1]Engagement Summary(Task1)'!$H$2:$H$201=Social_Media_Platform_Analysis!$AB219)*('[1]Engagement Summary(Task1)'!$B$2:$B$201=Social_Media_Platform_Analysis!$W219),'[1]Engagement Summary(Task1)'!$G$2:$G$201)} -> 30270
W220: Twitter | X220: 45553 | Y220: =SUM([1]!Posts[[#This Row],[Likes]],[1]!Posts[[#This Row],[Shares]],[1]!Posts[[#This Row],[Comments]]) -> 2458 | Z220: =MONTH(X220) -> 9 | AA220: =INT((DAY(X220)-1)/7)+1 -> 3 | AB220: =YEAR(X220) -> 2024 | AC220: {=_xlfn.XLOOKUP(1, ('[1]Engagement Summary(Task1)'!$J$2:$J$201=Social_Media_Platform_Analysis!$AA220)*('[1]Engagement Summary(Task1)'!$I$2:$I$201=Social_Media_Platform_Analysis!$Z220)*('[1]Engagement Summary(Task1)'!$H$2:$H$201=Social_Media_Platform_Analysis!$AB220)*('[1]Engagement Summary(Task1)'!$B$2:$B$201=Social_Media_Platform_Analysis!$W220),'[1]Engagement Summary(Task1)'!$G$2:$G$201)} -> 30270
...
